Workbook

Sheet Pokédex
A1: Dex Number | B1: Name | C1: =Changed!C1 -> Type 1 | D1: =Changed!D1 -> Type 2 | E1: =Changed!E1 -> Ability 1 | F1: =Changed!F1 -> Ability 2 | G1: =Changed!G1 -> Total | H1: =Changed!H1 -> HP | I1: =Changed!I1 -> Attack | J1: =Changed!J1 -> Defense | ... M1: =Changed!M1 -> Speed | N1: Total Diff | O1: Notes | P1: Originally from Pokemon DB
A2: 1 | B2: Bulbasaur | C2: =IF(Changed!C2<>"", Changed!C2, "") -> Grass | D2: =IF(Changed!D2<>"", Changed!D2, "") -> Poison | E2: =IF(Changed!E2<>"", Changed!E2, "") -> Chlorophyll | F2: =IF(Changed!F2<>"", Changed!F2, "") -> Grassy Surge | G2: {=INDEX(Changed!$G:$G,ROW())&IF(Changed!$G2>Base!$G2,"↑",IF(Changed!$G2<Base!$G2," ↓",""))} -> 318 | H2: {=INDEX(Changed!$H:$H,ROW())&IF(Changed!$H2>Base!$H2,"↑",IF(Changed!$H2<Base!$H2," ↓",""))} -> 45 | I2: {=INDEX(Changed!$I:$I,ROW())&IF(Changed!$I2>Base!$I2,"↑",IF(Changed!$I2<Base!$I2," ↓",""))} -> 49 | J2: {=INDEX(Changed!$J:$J,ROW())&IF(Changed!$J2>Base!$J2,"↑",IF(Changed!$J2<Base!$J2," ↓",""))} -> 49 | K2: {=INDEX(Changed!$K:$K,ROW())&IF(Changed!$K2>Base!$K2,"↑",IF(Changed!$K2<Base!$K2," ↓",""))} -> 65 | L2: {=INDEX(Changed!$L:$L,ROW())&IF(Changed!$L2>Base!$L2,"↑",IF(Changed!$L2<Base!$L2," ↓",""))} -> 65 | M2: {=INDEX(Changed!$M:$M,ROW())&IF(Changed!$M2>Base!$M2,"↑",IF(Changed!$M2<Base!$M2," ↓",""))} -> 45 | N2: =Changed!G2-Base!G2 -> 0
A3: 2 | B3: Ivysaur | C3: =IF(Changed!C3<>"", Changed!C3, "") -> Grass | D3: =IF(Changed!D3<>"", Changed!D3, "") -> Poison | E3: =IF(Changed!E3<>"", Changed!E3, "") -> Chlorophyll | F3: =IF(Changed!F3<>"", Changed!F3, "") -> Grassy Surge | G3: {=INDEX(Changed!$G:$G,ROW())&IF(Changed!$G3>Base!$G3,"↑",IF(Changed!$G3<Base!$G3," ↓",""))} -> 405 | H3: {=INDEX(Changed!$H:$H,ROW())&IF(Changed!$H3>Base!$H3,"↑",IF(Changed!$H3<Base!$H3," ↓",""))} -> 60 | I3: {=INDEX(Changed!$I:$I,ROW())&IF(Changed!$I3>Base!$I3,"↑",IF(Changed!$I3<Base!$I3," ↓",""))} -> 62 | J3: {=INDEX(Changed!$J:$J,ROW())&IF(Changed!$J3>Base!$J3,"↑",IF(Changed!$J3<Base!$J3," ↓",""))} -> 63 | K3: {=INDEX(Changed!$K:$K,ROW())&IF(Changed!$K3>Base!$K3,"↑",IF(Changed!$K3<Base!$K3," ↓",""))} -> 80 | L3: {=INDEX(Changed!$L:$L,ROW())&IF(Changed!$L3>Base!$L3,"↑",IF(Changed!$L3<Base!$L3," ↓",""))} -> 80 | M3: {=INDEX(Changed!$M:$M,ROW())&IF(Changed!$M3>Base!$M3,"↑",IF(Changed!$M3<Base!$M3," ↓",""))} -> 60 | N3: =Changed!G3-Base!G3 -> 0 | P3: You will only have access to the regional dex during the game. The regional dex contains all Pokémon.
A4: 3 | B4: Venusaur | C4: =IF(Changed!C4<>"", Changed!C4, "") -> Grass | D4: =IF(Changed!D4<>"", Changed!D4, "") -> Poison | E4: =IF(Changed!E4<>"", Changed!E4, "") -> Chlorophyll | F4: =IF(Changed!F4<>"", Changed!F4, "") -> Grassy Surge | G4: {=INDEX(Changed!$G:$G,ROW())&IF(Changed!$G4>Base!$G4,"↑",IF(Changed!$G4<Base!$G4," ↓",""))} -> 525 | H4: {=INDEX(Changed!$H:$H,ROW())&IF(Changed!$H4>Base!$H4,"↑",IF(Changed!$H4<Base!$H4," ↓",""))} -> 80 | I4: {=INDEX(Changed!$I:$I,ROW())&IF(Changed!$I4>Base!$I4,"↑",IF(Changed!$I4<Base!$I4," ↓",""))} -> 82 | J4: {=INDEX(Changed!$J:$J,ROW())&IF(Changed!$J4>Base!$J4,"↑",IF(Changed!$J4<Base!$J4," ↓",""))} -> 83 | K4: {=INDEX(Changed!$K:$K,ROW())&IF(Changed!$K4>Base!$K4,"↑",IF(Changed!$K4<Base!$K4," ↓",""))} -> 100 | L4: {=INDEX(Changed!$L:$L,ROW())&IF(Changed!$L4>Base!$L4,"↑",IF(Changed!$L4<Base!$L4," ↓",""))} -> 100 | M4: {=INDEX(Changed!$M:$M,ROW())&IF(Changed!$M4>Base!$M4,"↑",IF(Changed!$M4<Base!$M4," ↓",""))} -> 80 | N4: =Changed!G4-Base!G4 -> 0 | P4: The regional dex will follow the national dex order bar for the change stated below.
A5: 4 | B5: Charmander | C5: =IF(Changed!C5<>"", Changed!C5, "") -> Fire | D5: =IF(Changed!D5<>"", Changed!D5, "") | E5: =IF(Changed!E5<>"", Changed!E5, "") -> Blaze | F5: =IF(Changed!F5<>"", Changed!F5, "") -> Solar Power | G5: {=INDEX(Changed!$G:$G,ROW())&IF(Changed!$G5>Base!$G5,"↑",IF(Changed!$G5<Base!$G5," ↓",""))} -> 309 | H5: {=INDEX(Changed!$H:$H,ROW())&IF(Changed!$H5>Base!$H5,"↑",IF(Changed!$H5<Base!$H5," ↓",""))} -> 39 | I5: {=INDEX(Changed!$I:$I,ROW())&IF(Changed!$I5>Base!$I5,"↑",IF(Changed!$I5<Base!$I5," ↓",""))} -> 52 | J5: {=INDEX(Changed!$J:$J,ROW())&IF(Changed!$J5>Base!$J5,"↑",IF(Changed!$J5<Base!$J5," ↓",""))} -> 43 | K5: {=INDEX(Changed!$K:$K,ROW())&IF(Changed!$K5>Base!$K5,"↑",IF(Changed!$K5<Base!$K5," ↓",""))} -> 60 | L5: {=INDEX(Changed!$L:$L,ROW())&IF(Changed!$L5>Base!$L5,"↑",IF(Changed!$L5<Base!$L5," ↓",""))} -> 50 | M5: {=INDEX(Changed!$M:$M,ROW())&IF(Changed!$M5>Base!$M5,"↑",IF(Changed!$M5<Base!$M5," ↓",""))} -> 65 | N5: =Changed!G5-Base!G5 -> 0 | P5: Dex entries have been moved around to match the evolutions in the game. E.g. Pichu before Pikachu, Espeon after Flareon
A6: 5 | B6: Charmeleon | C6: =IF(Changed!C6<>"", Changed!C6, "") -> Fire | D6: =IF(Changed!D6<>"", Changed!D6, "") | E6: =IF(Changed!E6<>"", Changed!E6, "") -> Blaze | F6: =IF(Changed!F6<>"", Changed!F6, "") -> Solar Power | G6: {=INDEX(Changed!$G:$G,ROW())&IF(Changed!$G6>Base!$G6,"↑",IF(Changed!$G6<Base!$G6," ↓",""))} -> 405 | H6: {=INDEX(Changed!$H:$H,ROW())&IF(Changed!$H6>Base!$H6,"↑",IF(Changed!$H6<Base!$H6," ↓",""))} -> 58 | I6: {=INDEX(Changed!$I:$I,ROW())&IF(Changed!$I6>Base!$I6,"↑",IF(Changed!$I6<Base!$I6," ↓",""))} -> 64 | J6: {=INDEX(Changed!$J:$J,ROW())&IF(Changed!$J6>Base!$J6,"↑",IF(Changed!$J6<Base!$J6," ↓",""))} -> 58 | K6: {=INDEX(Changed!$K:$K,ROW())&IF(Changed!$K6>Base!$K6,"↑",IF(Changed!$K6<Base!$K6," ↓",""))} -> 80 | L6: {=INDEX(Changed!$L:$L,ROW())&IF(Changed!$L6>Base!$L6,"↑",IF(Changed!$L6<Base!$L6," ↓",""))} -> 65 | M6: {=INDEX(Changed!$M:$M,ROW())&IF(Changed!$M6>Base!$M6,"↑",IF(Changed!$M6<Base!$M6," ↓",""))} -> 80 | N6: =Changed!G6-Base!G6 -> 0 | P6: I would have liked to use the Johto dex as the baseline but I think that would cause more harm than good
A7: 6 | B7: Charizard | C7: =IF(Changed!C7<>"", Changed!C7, "") -> Fire | D7: =IF(Changed!D7<>"", Changed!D7, "") -> Flying | E7: =IF(Changed!E7<>"", Changed!E7, "") -> Blaze | F7: =IF(Changed!F7<>"", Changed!F7, "") -> Solar Power | G7: {=INDEX(Changed!$G:$G,ROW())&IF(Changed!$G7>Base!$G7,"↑",IF(Changed!$G7<Base!$G7," ↓",""))} -> 534 | H7: {=INDEX(Changed!$H:$H,ROW())&IF(Changed!$H7>Base!$H7,"↑",IF(Changed!$H7<Base!$H7," ↓",""))} -> 78 | I7: {=INDEX(Changed!$I:$I,ROW())&IF(Changed!$I7>Base!$I7,"↑",IF(Changed!$I7<Base!$I7," ↓",""))} -> 84 | J7: {=INDEX(Changed!$J:$J,ROW())&IF(Changed!$J7>Base!$J7,"↑",IF(Changed!$J7<Base!$J7," ↓",""))} -> 78 | K7: {=INDEX(Changed!$K:$K,ROW())&IF(Changed!$K7>Base!$K7,"↑",IF(Changed!$K7<Base!$K7," ↓",""))} -> 109 | L7: {=INDEX(Changed!$L:$L,ROW())&IF(Changed!$L7>Base!$L7,"↑",IF(Changed!$L7<Base!$L7," ↓",""))} -> 85 | M7: {=INDEX(Changed!$M:$M,ROW())&IF(Changed!$M7>Base!$M7,"↑",IF(Changed!$M7<Base!$M7," ↓",""))} -> 100 | N7: =Changed!G7-Base!G7 -> 0
A8: 7 | B8: Squirtle | C8: =IF(Changed!C8<>"", Changed!C8, "") -> Water | D8: =IF(Changed!D8<>"", Changed!D8, "") | E8: =IF(Changed!E8<>"", Changed!E8, "") -> Torrent | F8: =IF(Changed!F8<>"", Changed!F8, "") -> Mega Launcher | G8: {=INDEX(Changed!$G:$G,ROW())&IF(Changed!$G8>Base!$G8,"↑",IF(Changed!$G8<Base!$G8," ↓",""))} -> 314 | H8: {=INDEX(Changed!$H:$H,ROW())&IF(Changed!$H8>Base!$H8,"↑",IF(Changed!$H8<Base!$H8," ↓",""))} -> 44 | I8: {=INDEX(Changed!$I:$I,ROW())&IF(Changed!$I8>Base!$I8,"↑",IF(Changed!$I8<Base!$I8," ↓",""))} -> 48 | J8: {=INDEX(Changed!$J:$J,ROW())&IF(Changed!$J8>Base!$J8,"↑",IF(Changed!$J8<Base!$J8," ↓",""))} -> 65 | K8: {=INDEX(Changed!$K:$K,ROW())&IF(Changed!$K8>Base!$K8,"↑",IF(Changed!$K8<Base!$K8," ↓",""))} -> 50 | L8: {=INDEX(Changed!$L:$L,ROW())&IF(Changed!$L8>Base!$L8,"↑",IF(Changed!$L8<Base!$L8," ↓",""))} -> 64 | M8: {=INDEX(Changed!$M:$M,ROW())&IF(Changed!$M8>Base!$M8,"↑",IF(Changed!$M8<Base!$M8," ↓",""))} -> 43 | N8: =Changed!G8-Base!G8 -> 0 | P8: Any changes are in BOLD and are Underlined.
A9: 8 | B9: Wartortle | C9: =IF(Changed!C9<>"", Changed!C9, "") -> Water | D9: =IF(Changed!D9<>"", Changed!D9, "") | E9: =IF(Changed!E9<>"", Changed!E9, "") -> Torrent | F9: =IF(Changed!F9<>"", Changed!F9, "") -> Mega Launcher | G9: {=INDEX(Changed!$G:$G,ROW())&IF(Changed!$G9>Base!$G9,"↑",IF(Changed!$G9<Base!$G9," ↓",""))} -> 405 | H9: {=INDEX(Changed!$H:$H,ROW())&IF(Changed!$H9>Base!$H9,"↑",IF(Changed!$H9<Base!$H9," ↓",""))} -> 59 | I9: {=INDEX(Changed!$I:$I,ROW())&IF(Changed!$I9>Base!$I9,"↑",IF(Changed!$I9<Base!$I9," ↓",""))} -> 63 | J9: {=INDEX(Changed!$J:$J,ROW())&IF(Changed!$J9>Base!$J9,"↑",IF(Changed!$J9<Base!$J9," ↓",""))} -> 80 | K9: {=INDEX(Changed!$K:$K,ROW())&IF(Changed!$K9>Base!$K9,"↑",IF(Changed!$K9<Base!$K9," ↓",""))} -> 65 | L9: {=INDEX(Changed!$L:$L,ROW())&IF(Changed!$L9>Base!$L9,"↑",IF(Changed!$L9<Base!$L9," ↓",""))} -> 80 | M9: {=INDEX(Changed!$M:$M,ROW())&IF(Changed!$M9>Base!$M9,"↑",IF(Changed!$M9<Base!$M9," ↓",""))} -> 58 | N9: =Changed!G9-Base!G9 -> 0 | P9: Stat Changes are also accompanied by an arrow, going up or down based on the change.
A10: 9 | B10: Blastoise | C10: =IF(Changed!C10<>"", Changed!C10, "") -> Water | D10: =IF(Changed!D10<>"", Changed!D10, "") | E10: =IF(Changed!E10<>"", Changed!E10, "") -> Torrent | F10: =IF(Changed!F10<>"", Changed!F10, "") -> Mega Launcher | G10: {=INDEX(Changed!$G:$G,ROW())&IF(Changed!$G10>Base!$G10,"↑",IF(Changed!$G10<Base!$G10," ↓",""))} -> 530 | H10: {=INDEX(Changed!$H:$H,ROW())&IF(Changed!$H10>Base!$H10,"↑",IF(Changed!$H10<Base!$H10," ↓",""))} -> 79 | I10: {=INDEX(Changed!$I:$I,ROW())&IF(Changed!$I10>Base!$I10,"↑",IF(Changed!$I10<Base!$I10," ↓",""))} -> 83 | J10: {=INDEX(Changed!$J:$J,ROW())&IF(Changed!$J10>Base!$J10,"↑",IF(Changed!$J10<Base!$J10," ↓",""))} -> 100 | K10: {=INDEX(Changed!$K:$K,ROW())&IF(Changed!$K10>Base!$K10,"↑",IF(Changed!$K10<Base!$K10," ↓",""))} -> 85 | L10: {=INDEX(Changed!$L:$L,ROW())&IF(Changed!$L10>Base!$L10,"↑",IF(Changed!$L10<Base!$L10," ↓",""))} -> 105 | M10: {=INDEX(Changed!$M:$M,ROW())&IF(Changed!$M10>Base!$M10,"↑",IF(Changed!$M10<Base!$M10," ↓",""))} -> 78 | N10: =Changed!G10-Base!G10 -> 0
A11: 10 | B11: Caterpie | C11: =IF(Changed!C11<>"", Changed!C11, "") -> Bug | D11: =IF(Changed!D11<>"", Changed!D11, "") | E11: =IF(Changed!E11<>"", Changed!E11, "") -> Shield Dust | F11: =IF(Changed!F11<>"", Changed!F11, "") | G11: {=INDEX(Changed!$G:$G,ROW())&IF(Changed!$G11>Base!$G11,"↑",IF(Changed!$G11<Base!$G11," ↓",""))} -> 195 | H11: {=INDEX(Changed!$H:$H,ROW())&IF(Changed!$H11>Base!$H11,"↑",IF(Changed!$H11<Base!$H11," ↓",""))} -> 45 | I11: {=INDEX(Changed!$I:$I,ROW())&IF(Changed!$I11>Base!$I11,"↑",IF(Changed!$I11<Base!$I11," ↓",""))} -> 30 | J11: {=INDEX(Changed!$J:$J,ROW())&IF(Changed!$J11>Base!$J11,"↑",IF(Changed!$J11<Base!$J11," ↓",""))} -> 35 | K11: {=INDEX(Changed!$K:$K,ROW())&IF(Changed!$K11>Base!$K11,"↑",IF(Changed!$K11<Base!$K11," ↓",""))} -> 20 | L11: {=INDEX(Changed!$L:$L,ROW())&IF(Changed!$L11>Base!$L11,"↑",IF(Changed!$L11<Base!$L11," ↓",""))} -> 20 | M11: {=INDEX(Changed!$M:$M,ROW())&IF(Changed!$M11>Base!$M11,"↑",IF(Changed!$M11<Base!$M11," ↓",""))} -> 45 | N11: =Changed!G11-Base!G11 -> 0
A12: 11 | B12: Metapod | C12: =IF(Changed!C12<>"", Changed!C12, "") -> Bug | D12: =IF(Changed!D12<>"", Changed!D12, "") | E12: =IF(Changed!E12<>"", Changed!E12, "") -> Shed Skin | F12: =IF(Changed!F12<>"", Changed!F12, "") | G12: {=INDEX(Changed!$G:$G,ROW())&IF(Changed!$G12>Base!$G12,"↑",IF(Changed!$G12<Base!$G12," ↓",""))} -> 205 | H12: {=INDEX(Changed!$H:$H,ROW())&IF(Changed!$H12>Base!$H12,"↑",IF(Changed!$H12<Base!$H12," ↓",""))} -> 50 | I12: {=INDEX(Changed!$I:$I,ROW())&IF(Changed!$I12>Base!$I12,"↑",IF(Changed!$I12<Base!$I12," ↓",""))} -> 20 | J12: {=INDEX(Changed!$J:$J,ROW())&IF(Changed!$J12>Base!$J12,"↑",IF(Changed!$J12<Base!$J12," ↓",""))} -> 55 | K12: {=INDEX(Changed!$K:$K,ROW())&IF(Changed!$K12>Base!$K12,"↑",IF(Changed!$K12<Base!$K12," ↓",""))} -> 25 | L12: {=INDEX(Changed!$L:$L,ROW())&IF(Changed!$L12>Base!$L12,"↑",IF(Changed!$L12<Base!$L12," ↓",""))} -> 25 | M12: {=INDEX(Changed!$M:$M,ROW())&IF(Changed!$M12>Base!$M12,"↑",IF(Changed!$M12<Base!$M12," ↓",""))} -> 30 | N12: =Changed!G12-Base!G12 -> 0 | P12: You can only sort by Dex and Name in this.
A13: 12 | B13: Butterfree | C13: =IF(Changed!C13<>"", Changed!C13, "") -> Bug | D13: =IF(Changed!D13<>"", Changed!D13, "") -> Psychic | E13: =IF(Changed!E13<>"", Changed!E13, "") -> Compound Eyes | F13: =IF(Changed!F13<>"", Changed!F13, "") | G13: {=INDEX(Changed!$G:$G,ROW())&IF(Changed!$G13>Base!$G13,"↑",IF(Changed!$G13<Base!$G13," ↓",""))} -> 402↑ | H13: {=INDEX(Changed!$H:$H,ROW())&IF(Changed!$H13>Base!$H13,"↑",IF(Changed!$H13<Base!$H13," ↓",""))} -> 60 | I13: {=INDEX(Changed!$I:$I,ROW())&IF(Changed!$I13>Base!$I13,"↑",IF(Changed!$I13<Base!$I13," ↓",""))} -> 45 | J13: {=INDEX(Changed!$J:$J,ROW())&IF(Changed!$J13>Base!$J13,"↑",IF(Changed!$J13<Base!$J13," ↓",""))} -> 50 | K13: {=INDEX(Changed!$K:$K,ROW())&IF(Changed!$K13>Base!$K13,"↑",IF(Changed!$K13<Base!$K13," ↓",""))} -> 97↑ | L13: {=INDEX(Changed!$L:$L,ROW())&IF(Changed!$L13>Base!$L13,"↑",IF(Changed!$L13<Base!$L13," ↓",""))} -> 80 | M13: {=INDEX(Changed!$M:$M,ROW())&IF(Changed!$M13>Base!$M13,"↑",IF(Changed!$M13<Base!$M13," ↓",""))} -> 70 | N13: =Changed!G13-Base!G13 -> 17 | P13: Use the 'Changed' sheet if you want to sort by column.
A14: 13 | B14: Weedle | C14: =IF(Changed!C14<>"", Changed!C14, "") -> Bug | D14: =IF(Changed!D14<>"", Changed!D14, "") -> Poison | E14: =IF(Changed!E14<>"", Changed!E14, "") -> Shield Dust | F14: =IF(Changed!F14<>"", Changed!F14, "") | G14: {=INDEX(Changed!$G:$G,ROW())&IF(Changed!$G14>Base!$G14,"↑",IF(Changed!$G14<Base!$G14," ↓",""))} -> 195 | H14: {=INDEX(Changed!$H:$H,ROW())&IF(Changed!$H14>Base!$H14,"↑",IF(Changed!$H14<Base!$H14," ↓",""))} -> 40 | I14: {=INDEX(Changed!$I:$I,ROW())&IF(Changed!$I14>Base!$I14,"↑",IF(Changed!$I14<Base!$I14," ↓",""))} -> 35 | J14: {=INDEX(Changed!$J:$J,ROW())&IF(Changed!$J14>Base!$J14,"↑",IF(Changed!$J14<Base!$J14," ↓",""))} -> 30 | K14: {=INDEX(Changed!$K:$K,ROW())&IF(Changed!$K14>Base!$K14,"↑",IF(Changed!$K14<Base!$K14," ↓",""))} -> 20 | L14: {=INDEX(Changed!$L:$L,ROW())&IF(Changed!$L14>Base!$L14,"↑",IF(Changed!$L14<Base!$L14," ↓",""))} -> 20 | M14: {=INDEX(Changed!$M:$M,ROW())&IF(Changed!$M14>Base!$M14,"↑",IF(Changed!$M14<Base!$M14," ↓",""))} -> 50 | N14: =Changed!G14-Base!G14 -> 0 | P14: e.g. find the mon with the highest attack
A15: 14 | B15: Kakuna | C15: =IF(Changed!C15<>"", Changed!C15, "") -> Bug | D15: =IF(Changed!D15<>"", Changed!D15, "") -> Poison | E15: =IF(Changed!E15<>"", Changed!E15, "") -> Shed Skin | F15: =IF(Changed!F15<>"", Changed!F15, "") | G15: {=INDEX(Changed!$G:$G,ROW())&IF(Changed!$G15>Base!$G15,"↑",IF(Changed!$G15<Base!$G15," ↓",""))} -> 205 | H15: {=INDEX(Changed!$H:$H,ROW())&IF(Changed!$H15>Base!$H15,"↑",IF(Changed!$H15<Base!$H15," ↓",""))} -> 45 | I15: {=INDEX(Changed!$I:$I,ROW())&IF(Changed!$I15>Base!$I15,"↑",IF(Changed!$I15<Base!$I15," ↓",""))} -> 25 | J15: {=INDEX(Changed!$J:$J,ROW())&IF(Changed!$J15>Base!$J15,"↑",IF(Changed!$J15<Base!$J15," ↓",""))} -> 50 | K15: {=INDEX(Changed!$K:$K,ROW())&IF(Changed!$K15>Base!$K15,"↑",IF(Changed!$K15<Base!$K15," ↓",""))} -> 25 | L15: {=INDEX(Changed!$L:$L,ROW())&IF(Changed!$L15>Base!$L15,"↑",IF(Changed!$L15<Base!$L15," ↓",""))} -> 25 | M15: {=INDEX(Changed!$M:$M,ROW())&IF(Changed!$M15>Base!$M15,"↑",IF(Changed!$M15<Base!$M15," ↓",""))} -> 35 | N15: =Changed!G15-Base!G15 -> 0
A16: 15 | B16: Beedrill | C16: =IF(Changed!C16<>"", Changed!C16, "") -> Bug | D16: =IF(Changed!D16<>"", Changed!D16, "") -> Poison | E16: =IF(Changed!E16<>"", Changed!E16, "") -> Swarm | F16: =IF(Changed!F16<>"", Changed!F16, "") -> Sharpness | G16: {=INDEX(Changed!$G:$G,ROW())&IF(Changed!$G16>Base!$G16,"↑",IF(Changed!$G16<Base!$G16," ↓",""))} -> 412↑ | H16: {=INDEX(Changed!$H:$H,ROW())&IF(Changed!$H16>Base!$H16,"↑",IF(Changed!$H16<Base!$H16," ↓",""))} -> 65 | I16: {=INDEX(Changed!$I:$I,ROW())&IF(Changed!$I16>Base!$I16,"↑",IF(Changed!$I16<Base!$I16," ↓",""))} -> 92↑ | J16: {=INDEX(Changed!$J:$J,ROW())&IF(Changed!$J16>Base!$J16,"↑",IF(Changed!$J16<Base!$J16," ↓",""))} -> 40 | K16: {=INDEX(Changed!$K:$K,ROW())&IF(Changed!$K16>Base!$K16,"↑",IF(Changed!$K16<Base!$K16," ↓",""))} -> 45 | L16: {=INDEX(Changed!$L:$L,ROW())&IF(Changed!$L16>Base!$L16,"↑",IF(Changed!$L16<Base!$L16," ↓",""))} -> 80 | M16: {=INDEX(Changed!$M:$M,ROW())&IF(Changed!$M16>Base!$M16,"↑",IF(Changed!$M16<Base!$M16," ↓",""))} -> 90↑ | N16: =Changed!G16-Base!G16 -> 27
A17: 16 | B17: Pidgey | C17: =IF(Changed!C17<>"", Changed!C17, "") -> Flying | D17: =IF(Changed!D17<>"", Changed!D17, "") -> None | E17: =IF(Changed!E17<>"", Changed!E17, "") -> Keen Eye | F17: =IF(Changed!F17<>"", Changed!F17, "") -> Tangled Feet | G17: {=INDEX(Changed!$G:$G,ROW())&IF(Changed!$G17>Base!$G17,"↑",IF(Changed!$G17<Base!$G17," ↓",""))} -> 251 | H17: {=INDEX(Changed!$H:$H,ROW())&IF(Changed!$H17>Base!$H17,"↑",IF(Changed!$H17<Base!$H17," ↓",""))} -> 40 | I17: {=INDEX(Changed!$I:$I,ROW())&IF(Changed!$I17>Base!$I17,"↑",IF(Changed!$I17<Base!$I17," ↓",""))} -> 45 | J17: {=INDEX(Changed!$J:$J,ROW())&IF(Changed!$J17>Base!$J17,"↑",IF(Changed!$J17<Base!$J17," ↓",""))} -> 40 | K17: {=INDEX(Changed!$K:$K,ROW())&IF(Changed!$K17>Base!$K17,"↑",IF(Changed!$K17<Base!$K17," ↓",""))} -> 35 | L17: {=INDEX(Changed!$L:$L,ROW())&IF(Changed!$L17>Base!$L17,"↑",IF(Changed!$L17<Base!$L17," ↓",""))} -> 35 | M17: {=INDEX(Changed!$M:$M,ROW())&IF(Changed!$M17>Base!$M17,"↑",IF(Changed!$M17<Base!$M17," ↓",""))} -> 56 | N17: =Changed!G17-Base!G17 -> 0 | P17: If you have a better way of doing this instead of having 3 indentical tables and stuff please lmk
A18: 17 | B18: Pidgeotto | C18: =IF(Changed!C18<>"", Changed!C18, "") -> Flying | D18: =IF(Changed!D18<>"", Changed!D18, "") -> None | E18: =IF(Changed!E18<>"", Changed!E18, "") -> Keen Eye | F18: =IF(Changed!F18<>"", Changed!F18, "") -> Tangled Feet | G18: {=INDEX(Changed!$G:$G,ROW())&IF(Changed!$G18>Base!$G18,"↑",IF(Changed!$G18<Base!$G18," ↓",""))} -> 349 | H18: {=INDEX(Changed!$H:$H,ROW())&IF(Changed!$H18>Base!$H18,"↑",IF(Changed!$H18<Base!$H18," ↓",""))} -> 63 | I18: {=INDEX(Changed!$I:$I,ROW())&IF(Changed!$I18>Base!$I18,"↑",IF(Changed!$I18<Base!$I18," ↓",""))} -> 60 | J18: {=INDEX(Changed!$J:$J,ROW())&IF(Changed!$J18>Base!$J18,"↑",IF(Changed!$J18<Base!$J18," ↓",""))} -> 55 | K18: {=INDEX(Changed!$K:$K,ROW())&IF(Changed!$K18>Base!$K18,"↑",IF(Changed!$K18<Base!$K18," ↓",""))} -> 50 | L18: {=INDEX(Changed!$L:$L,ROW())&IF(Changed!$L18>Base!$L18,"↑",IF(Changed!$L18<Base!$L18," ↓",""))} -> 50 | M18: {=INDEX(Changed!$M:$M,ROW())&IF(Changed!$M18>Base!$M18,"↑",IF(Changed!$M18<Base!$M18," ↓",""))} -> 71 | N18: =Changed!G18-Base!G18 -> 0 | P18: Discord: .rizi.
A19: 18 | B19: Pidgeot | C19: =IF(Changed!C19<>"", Changed!C19, "") -> Flying | D19: =IF(Changed!D19<>"", Changed!D19, "") -> None | E19: =IF(Changed!E19<>"", Changed!E19, "") -> Gale Wings | F19: =IF(Changed!F19<>"", Changed!F19, "") -> Tangled Feet | G19: {=INDEX(Changed!$G:$G,ROW())&IF(Changed!$G19>Base!$G19,"↑",IF(Changed!$G19<Base!$G19," ↓",""))} -> 479↑ | H19: {=INDEX(Changed!$H:$H,ROW())&IF(Changed!$H19>Base!$H19,"↑",IF(Changed!$H19<Base!$H19," ↓",""))} -> 83 | I19: {=INDEX(Changed!$I:$I,ROW())&IF(Changed!$I19>Base!$I19,"↑",IF(Changed!$I19<Base!$I19," ↓",""))} -> 80 | J19: {=INDEX(Changed!$J:$J,ROW())&IF(Changed!$J19>Base!$J19,"↑",IF(Changed!$J19<Base!$J19," ↓",""))} -> 75 | K19: {=INDEX(Changed!$K:$K,ROW())&IF(Changed!$K19>Base!$K19,"↑",IF(Changed!$K19<Base!$K19," ↓",""))} -> 70 | L19: {=INDEX(Changed!$L:$L,ROW())&IF(Changed!$L19>Base!$L19,"↑",IF(Changed!$L19<Base!$L19," ↓",""))} -> 70 | M19: {=INDEX(Changed!$M:$M,ROW())&IF(Changed!$M19>Base!$M19,"↑",IF(Changed!$M19<Base!$M19," ↓",""))} -> 101↑ | N19: =Changed!G19-Base!G19 -> 10
A20: 19 | B20: Rattata | C20: =IF(Changed!C20<>"", Changed!C20, "") -> Normal | D20: =IF(Changed!D20<>"", Changed!D20, "") | E20: =IF(Changed!E20<>"", Changed!E20, "") -> Run Away | F20: =IF(Changed!F20<>"", Changed!F20, "") -> Guts | G20: {=INDEX(Changed!$G:$G,ROW())&IF(Changed!$G20>Base!$G20,"↑",IF(Changed!$G20<Base!$G20," ↓",""))} -> 253 | H20: {=INDEX(Changed!$H:$H,ROW())&IF(Changed!$H20>Base!$H20,"↑",IF(Changed!$H20<Base!$H20," ↓",""))} -> 30 | I20: {=INDEX(Changed!$I:$I,ROW())&IF(Changed!$I20>Base!$I20,"↑",IF(Changed!$I20<Base!$I20," ↓",""))} -> 56 | J20: {=INDEX(Changed!$J:$J,ROW())&IF(Changed!$J20>Base!$J20,"↑",IF(Changed!$J20<Base!$J20," ↓",""))} -> 35 | K20: {=INDEX(Changed!$K:$K,ROW())&IF(Changed!$K20>Base!$K20,"↑",IF(Changed!$K20<Base!$K20," ↓",""))} -> 25 | L20: {=INDEX(Changed!$L:$L,ROW())&IF(Changed!$L20>Base!$L20,"↑",IF(Changed!$L20<Base!$L20," ↓",""))} -> 35 | M20: {=INDEX(Changed!$M:$M,ROW())&IF(Changed!$M20>Base!$M20,"↑",IF(Changed!$M20<Base!$M20," ↓",""))} -> 72 | N20: =Changed!G20-Base!G20 -> 0
A21: 20 | B21: Raticate | C21: =IF(Changed!C21<>"", Changed!C21, "") -> Normal | D21: =IF(Changed!D21<>"", Changed!D21, "") | E21: =IF(Changed!E21<>"", Changed!E21, "") -> Strong Jaw | F21: =IF(Changed!F21<>"", Changed!F21, "") -> Guts | G21: {=INDEX(Changed!$G:$G,ROW())&IF(Changed!$G21>Base!$G21,"↑",IF(Changed!$G21<Base!$G21," ↓",""))} -> 420↑ | H21: {=INDEX(Changed!$H:$H,ROW())&IF(Changed!$H21>Base!$H21,"↑",IF(Changed!$H21<Base!$H21," ↓",""))} -> 55 | I21: {=INDEX(Changed!$I:$I,ROW())&IF(Changed!$I21>Base!$I21,"↑",IF(Changed!$I21<Base!$I21," ↓",""))} -> 81 | J21: {=INDEX(Changed!$J:$J,ROW())&IF(Changed!$J21>Base!$J21,"↑",IF(Changed!$J21<Base!$J21," ↓",""))} -> 60 | K21: {=INDEX(Changed!$K:$K,ROW())&IF(Changed!$K21>Base!$K21,"↑",IF(Changed!$K21<Base!$K21," ↓",""))} -> 50 | L21: {=INDEX(Changed!$L:$L,ROW())&IF(Changed!$L21>Base!$L21,"↑",IF(Changed!$L21<Base!$L21," ↓",""))} -> 70 | M21: {=INDEX(Changed!$M:$M,ROW())&IF(Changed!$M21>Base!$M21,"↑",IF(Changed!$M21<Base!$M21," ↓",""))} -> 104↑ | N21: =Changed!G21-Base!G21 -> 7
A22: 21 | B22: Ekans | C22: =IF(Changed!C22<>"", Changed!C22, "") -> Poison | D22: =IF(Changed!D22<>"", Changed!D22, "") | E22: =IF(Changed!E22<>"", Changed!E22, "") -> Intimidate | F22: =IF(Changed!F22<>"", Changed!F22, "") -> Shed Skin | G22: {=INDEX(Changed!$G:$G,ROW())&IF(Changed!$G22>Base!$G22,"↑",IF(Changed!$G22<Base!$G22," ↓",""))} -> 288 | H22: {=INDEX(Changed!$H:$H,ROW())&IF(Changed!$H22>Base!$H22,"↑",IF(Changed!$H22<Base!$H22," ↓",""))} -> 35 | I22: {=INDEX(Changed!$I:$I,ROW())&IF(Changed!$I22>Base!$I22,"↑",IF(Changed!$I22<Base!$I22," ↓",""))} -> 60 | J22: {=INDEX(Changed!$J:$J,ROW())&IF(Changed!$J22>Base!$J22,"↑",IF(Changed!$J22<Base!$J22," ↓",""))} -> 44 | K22: {=INDEX(Changed!$K:$K,ROW())&IF(Changed!$K22>Base!$K22,"↑",IF(Changed!$K22<Base!$K22," ↓",""))} -> 40 | L22: {=INDEX(Changed!$L:$L,ROW())&IF(Changed!$L22>Base!$L22,"↑",IF(Changed!$L22<Base!$L22," ↓",""))} -> 54 | M22: {=INDEX(Changed!$M:$M,ROW())&IF(Changed!$M22>Base!$M22,"↑",IF(Changed!$M22<Base!$M22," ↓",""))} -> 55 | N22: =Changed!G22-Base!G22 -> 0
A23: 22 | B23: Arbok | C23: =IF(Changed!C23<>"", Changed!C23, "") -> Poison | D23: =IF(Changed!D23<>"", Changed!D23, "") -> Dragon | E23: =IF(Changed!E23<>"", Changed!E23, "") -> Intimidate | F23: =IF(Changed!F23<>"", Changed!F23, "") -> Shed Skin | G23: {=INDEX(Changed!$G:$G,ROW())&IF(Changed!$G23>Base!$G23,"↑",IF(Changed!$G23<Base!$G23," ↓",""))} -> 448 | H23: {=INDEX(Changed!$H:$H,ROW())&IF(Changed!$H23>Base!$H23,"↑",IF(Changed!$H23<Base!$H23," ↓",""))} -> 60 | I23: {=INDEX(Changed!$I:$I,ROW())&IF(Changed!$I23>Base!$I23,"↑",IF(Changed!$I23<Base!$I23," ↓",""))} -> 95 | J23: {=INDEX(Changed!$J:$J,ROW())&IF(Changed!$J23>Base!$J23,"↑",IF(Changed!$J23<Base!$J23," ↓",""))} -> 69 | K23: {=INDEX(Changed!$K:$K,ROW())&IF(Changed!$K23>Base!$K23,"↑",IF(Changed!$K23<Base!$K23," ↓",""))} -> 65 | L23: {=INDEX(Changed!$L:$L,ROW())&IF(Changed!$L23>Base!$L23,"↑",IF(Changed!$L23<Base!$L23," ↓",""))} -> 79 | M23: {=INDEX(Changed!$M:$M,ROW())&IF(Changed!$M23>Base!$M23,"↑",IF(Changed!$M23<Base!$M23," ↓",""))} -> 80 | N23: =Changed!G23-Base!G23 -> 0
A24: 23 | B24: Pichu | C24: =IF(Changed!C24<>"", Changed!C24, "") -> Electric | D24: =IF(Changed!D24<>"", Changed!D24, "") | E24: =IF(Changed!E24<>"", Changed!E24, "") -> Static | F24: =IF(Changed!F24<>"", Changed!F24, "") -> Transistor | G24: {=INDEX(Changed!$G:$G,ROW())&IF(Changed!$G24>Base!$G24,"↑",IF(Changed!$G24<Base!$G24," ↓",""))} -> 205 | H24: {=INDEX(Changed!$H:$H,ROW())&IF(Changed!$H24>Base!$H24,"↑",IF(Changed!$H24<Base!$H24," ↓",""))} -> 20 | I24: {=INDEX(Changed!$I:$I,ROW())&IF(Changed!$I24>Base!$I24,"↑",IF(Changed!$I24<Base!$I24," ↓",""))} -> 40 | J24: {=INDEX(Changed!$J:$J,ROW())&IF(Changed!$J24>Base!$J24,"↑",IF(Changed!$J24<Base!$J24," ↓",""))} -> 15 | K24: {=INDEX(Changed!$K:$K,ROW())&IF(Changed!$K24>Base!$K24,"↑",IF(Changed!$K24<Base!$K24," ↓",""))} -> 35 | L24: {=INDEX(Changed!$L:$L,ROW())&IF(Changed!$L24>Base!$L24,"↑",IF(Changed!$L24<Base!$L24," ↓",""))} -> 35 | M24: {=INDEX(Changed!$M:$M,ROW())&IF(Changed!$M24>Base!$M24,"↑",IF(Changed!$M24<Base!$M24," ↓",""))} -> 60 | N24: =Changed!G24-Base!G24 -> 0
A25: 24 | B25: Pikachu | C25: =IF(Changed!C25<>"", Changed!C25, "") -> Electric | D25: =IF(Changed!D25<>"", Changed!D25, "") | E25: =IF(Changed!E25<>"", Changed!E25, "") -> Static | F25: =IF(Changed!F25<>"", Changed!F25, "") -> Transistor | G25: {=INDEX(Changed!$G:$G,ROW())&IF(Changed!$G25>Base!$G25,"↑",IF(Changed!$G25<Base!$G25," ↓",""))} -> 300 | H25: {=INDEX(Changed!$H:$H,ROW())&IF(Changed!$H25>Base!$H25,"↑",IF(Changed!$H25<Base!$H25," ↓",""))} -> 35 | I25: {=INDEX(Changed!$I:$I,ROW())&IF(Changed!$I25>Base!$I25,"↑",IF(Changed!$I25<Base!$I25," ↓",""))} -> 55 | J25: {=INDEX(Changed!$J:$J,ROW())&IF(Changed!$J25>Base!$J25,"↑",IF(Changed!$J25<Base!$J25," ↓",""))} -> 30 | K25: {=INDEX(Changed!$K:$K,ROW())&IF(Changed!$K25>Base!$K25,"↑",IF(Changed!$K25<Base!$K25," ↓",""))} -> 50 | L25: {=INDEX(Changed!$L:$L,ROW())&IF(Changed!$L25>Base!$L25,"↑",IF(Changed!$L25<Base!$L25," ↓",""))} -> 40 | M25: {=INDEX(Changed!$M:$M,ROW())&IF(Changed!$M25>Base!$M25,"↑",IF(Changed!$M25<Base!$M25," ↓",""))} -> 90 | N25: =Changed!G25-Base!G25 -> 0
A26: 25 | B26: Raichu | C26: =IF(Changed!C26<>"", Changed!C26, "") -> Electric | D26: =IF(Changed!D26<>"", Changed!D26, "") | E26: =IF(Changed!E26<>"", Changed!E26, "") -> Static | F26: =IF(Changed!F26<>"", Changed!F26, "") -> Transistor | G26: {=INDEX(Changed!$G:$G,ROW())&IF(Changed!$G26>Base!$G26,"↑",IF(Changed!$G26<Base!$G26," ↓",""))} -> 475 | H26: {=INDEX(Changed!$H:$H,ROW())&IF(Changed!$H26>Base!$H26,"↑",IF(Changed!$H26<Base!$H26," ↓",""))} -> 60 | I26: {=INDEX(Changed!$I:$I,ROW())&IF(Changed!$I26>Base!$I26,"↑",IF(Changed!$I26<Base!$I26," ↓",""))} -> 70 ↓ | J26: {=INDEX(Changed!$J:$J,ROW())&IF(Changed!$J26>Base!$J26,"↑",IF(Changed!$J26<Base!$J26," ↓",""))} -> 65↑ | K26: {=INDEX(Changed!$K:$K,ROW())&IF(Changed!$K26>Base!$K26,"↑",IF(Changed!$K26<Base!$K26," ↓",""))} -> 95↑ | L26: {=INDEX(Changed!$L:$L,ROW())&IF(Changed!$L26>Base!$L26,"↑",IF(Changed!$L26<Base!$L26," ↓",""))} -> 85↑ | M26: {=INDEX(Changed!$M:$M,ROW())&IF(Changed!$M26>Base!$M26,"↑",IF(Changed!$M26<Base!$M26," ↓",""))} -> 100 | N26: =Changed!G26-Base!G26 -> 0
A27: 26 | B27: Sandshrew | C27: =IF(Changed!C27<>"", Changed!C27, "") -> Ground | D27: =IF(Changed!D27<>"", Changed!D27, "") | E27: =IF(Changed!E27<>"", Changed!E27, "") -> Sand Rush | F27: =IF(Changed!F27<>"", Changed!F27, "") -> Sharpness | G27: {=INDEX(Changed!$G:$G,ROW())&IF(Changed!$G27>Base!$G27,"↑",IF(Changed!$G27<Base!$G27," ↓",""))} -> 300 | H27: {=INDEX(Changed!$H:$H,ROW())&IF(Changed!$H27>Base!$H27,"↑",IF(Changed!$H27<Base!$H27," ↓",""))} -> 50 | I27: {=INDEX(Changed!$I:$I,ROW())&IF(Changed!$I27>Base!$I27,"↑",IF(Changed!$I27<Base!$I27," ↓",""))} -> 75 | J27: {=INDEX(Changed!$J:$J,ROW())&IF(Changed!$J27>Base!$J27,"↑",IF(Changed!$J27<Base!$J27," ↓",""))} -> 85 | K27: {=INDEX(Changed!$K:$K,ROW())&IF(Changed!$K27>Base!$K27,"↑",IF(Changed!$K27<Base!$K27," ↓",""))} -> 20 | L27: {=INDEX(Changed!$L:$L,ROW())&IF(Changed!$L27>Base!$L27,"↑",IF(Changed!$L27<Base!$L27," ↓",""))} -> 30 | M27: {=INDEX(Changed!$M:$M,ROW())&IF(Changed!$M27>Base!$M27,"↑",IF(Changed!$M27<Base!$M27," ↓",""))} -> 40 | N27: =Changed!G27-Base!G27 -> 0
A28: 27 | B28: Sandslash | C28: =IF(Changed!C28<>"", Changed!C28, "") -> Ground | D28: =IF(Changed!D28<>"", Changed!D28, "") | E28: =IF(Changed!E28<>"", Changed!E28, "") -> Sand Rush | F28: =IF(Changed!F28<>"", Changed!F28, "") -> Sharpness | G28: {=INDEX(Changed!$G:$G,ROW())&IF(Changed!$G28>Base!$G28,"↑",IF(Changed!$G28<Base!$G28," ↓",""))} -> 450 | H28: {=INDEX(Changed!$H:$H,ROW())&IF(Changed!$H28>Base!$H28,"↑",IF(Changed!$H28<Base!$H28," ↓",""))} -> 75 | I28: {=INDEX(Changed!$I:$I,ROW())&IF(Changed!$I28>Base!$I28,"↑",IF(Changed!$I28<Base!$I28," ↓",""))} -> 100 | J28: {=INDEX(Changed!$J:$J,ROW())&IF(Changed!$J28>Base!$J28,"↑",IF(Changed!$J28<Base!$J28," ↓",""))} -> 110 | K28: {=INDEX(Changed!$K:$K,ROW())&IF(Changed!$K28>Base!$K28,"↑",IF(Changed!$K28<Base!$K28," ↓",""))} -> 45 | L28: {=INDEX(Changed!$L:$L,ROW())&IF(Changed!$L28>Base!$L28,"↑",IF(Changed!$L28<Base!$L28," ↓",""))} -> 55 | M28: {=INDEX(Changed!$M:$M,ROW())&IF(Changed!$M28>Base!$M28,"↑",IF(Changed!$M28<Base!$M28," ↓",""))} -> 65 | N28: =Changed!G28-Base!G28 -> 0
A29: 28 | B29: Nidoran♀ | C29: =IF(Changed!C29<>"", Changed!C29, "") -> Poison | D29: =IF(Changed!D29<>"", Changed!D29, "") | E29: =IF(Changed!E29<>"", Changed!E29, "") -> Poison Point | F29: =IF(Changed!F29<>"", Changed!F29, "") -> Rivalry | G29: {=INDEX(Changed!$G:$G,ROW())&IF(Changed!$G29>Base!$G29,"↑",IF(Changed!$G29<Base!$G29," ↓",""))} -> 275 | H29: {=INDEX(Changed!$H:$H,ROW())&IF(Changed!$H29>Base!$H29,"↑",IF(Changed!$H29<Base!$H29," ↓",""))} -> 55 | I29: {=INDEX(Changed!$I:$I,ROW())&IF(Changed!$I29>Base!$I29,"↑",IF(Changed!$I29<Base!$I29," ↓",""))} -> 47 | J29: {=INDEX(Changed!$J:$J,ROW())&IF(Changed!$J29>Base!$J29,"↑",IF(Changed!$J29<Base!$J29," ↓",""))} -> 52 | K29: {=INDEX(Changed!$K:$K,ROW())&IF(Changed!$K29>Base!$K29,"↑",IF(Changed!$K29<Base!$K29," ↓",""))} -> 40 | L29: {=INDEX(Changed!$L:$L,ROW())&IF(Changed!$L29>Base!$L29,"↑",IF(Changed!$L29<Base!$L29," ↓",""))} -> 40 | M29: {=INDEX(Changed!$M:$M,ROW())&IF(Changed!$M29>Base!$M29,"↑",IF(Changed!$M29<Base!$M29," ↓",""))} -> 41 | N29: =Changed!G29-Base!G29 -> 0
A30: 29 | B30: Nidorina | C30: =IF(Changed!C30<>"", Changed!C30, "") -> Poison | D30: =IF(Changed!D30<>"", Changed!D30, "") | E30: =IF(Changed!E30<>"", Changed!E30, "") -> Poison Point | F30: =IF(Changed!F30<>"", Changed!F30, "") -> Rivalry | G30: {=INDEX(Changed!$G:$G,ROW())&IF(Changed!$G30>Base!$G30,"↑",IF(Changed!$G30<Base!$G30," ↓",""))} -> 365 | H30: {=INDEX(Changed!$H:$H,ROW())&IF(Changed!$H30>Base!$H30,"↑",IF(Changed!$H30<Base!$H30," ↓",""))} -> 70 | I30: {=INDEX(Changed!$I:$I,ROW())&IF(Changed!$I30>Base!$I30,"↑",IF(Changed!$I30<Base!$I30," ↓",""))} -> 62 | J30: {=INDEX(Changed!$J:$J,ROW())&IF(Changed!$J30>Base!$J30,"↑",IF(Changed!$J30<Base!$J30," ↓",""))} -> 67 | K30: {=INDEX(Changed!$K:$K,ROW())&IF(Changed!$K30>Base!$K30,"↑",IF(Changed!$K30<Base!$K30," ↓",""))} -> 55 | L30: {=INDEX(Changed!$L:$L,ROW())&IF(Changed!$L30>Base!$L30,"↑",IF(Changed!$L30<Base!$L30," ↓",""))} -> 55 | M30: {=INDEX(Changed!$M:$M,ROW())&IF(Changed!$M30>Base!$M30,"↑",IF(Changed!$M30<Base!$M30," ↓",""))} -> 56 | N30: =Changed!G30-Base!G30 -> 0
... A86: 85 | B86: Slowbro | C86: =IF(Changed!C86<>"", Changed!C86, "") -> Water | D86: =IF(Changed!D86<>"", Changed!D86, "") -> Psychic | E86: =IF(Changed!E86<>"", Changed!E86, "") -> Oblivious | F86: =IF(Changed!F86<>"", Changed!F86, "") -> Regenerator | G86: {=INDEX(Changed!$G:$G,ROW())&IF(Changed!$G86>Base!$G86,"↑",IF(Changed!$G86<Base!$G86," ↓",""))} -> 490 | H86: {=INDEX(Changed!$H:$H,ROW())&IF(Changed!$H86>Base!$H86,"↑",IF(Changed!$H86<Base!$H86," ↓",""))} -> 95 | I86: {=INDEX(Changed!$I:$I,ROW())&IF(Changed!$I86>Base!$I86,"↑",IF(Changed!$I86<Base!$I86," ↓",""))} -> 75 | J86: {=INDEX(Changed!$J:$J,ROW())&IF(Changed!$J86>Base!$J86,"↑",IF(Changed!$J86<Base!$J86," ↓",""))} -> 110 | K86: {=INDEX(Changed!$K:$K,ROW())&IF(Changed!$K86>Base!$K86,"↑",IF(Changed!$K86<Base!$K86," ↓",""))} -> 100 | L86: {=INDEX(Changed!$L:$L,ROW())&IF(Changed!$L86>Base!$L86,"↑",IF(Changed!$L86<Base!$L86," ↓",""))} -> 80 | M86: {=INDEX(Changed!$M:$M,ROW())&IF(Changed!$M86>Base!$M86,"↑",IF(Changed!$M86<Base!$M86," ↓",""))} -> 30 | N86: =Changed!G86-Base!G86 -> 0
A87: 86 | B87: Slowking | C87: =IF(Changed!C87<>"", Changed!C87, "") -> Water | D87: =IF(Changed!D87<>"", Changed!D87, "") -> Psychic | E87: =IF(Changed!F87<>"", Changed!F87, "") -> Own Tempo | F87: =IF(Changed!F87<>"", Changed!F87, "") -> Own Tempo | G87: {=INDEX(Changed!$G:$G,ROW())&IF(Changed!$G87>Base!$G87,"↑",IF(Changed!$G87<Base!$G87," ↓",""))} -> 490 | H87: {=INDEX(Changed!$H:$H,ROW())&IF(Changed!$H87>Base!$H87,"↑",IF(Changed!$H87<Base!$H87," ↓",""))} -> 95 | I87: {=INDEX(Changed!$I:$I,ROW())&IF(Changed!$I87>Base!$I87,"↑",IF(Changed!$I87<Base!$I87," ↓",""))} -> 75 | J87: {=INDEX(Changed!$J:$J,ROW())&IF(Changed!$J87>Base!$J87,"↑",IF(Changed!$J87<Base!$J87," ↓",""))} -> 80 | K87: {=INDEX(Changed!$K:$K,ROW())&IF(Changed!$K87>Base!$K87,"↑",IF(Changed!$K87<Base!$K87," ↓",""))} -> 100 | L87: {=INDEX(Changed!$L:$L,ROW())&IF(Changed!$L87>Base!$L87,"↑",IF(Changed!$L87<Base!$L87," ↓",""))} -> 110 | M87: {=INDEX(Changed!$M:$M,ROW())&IF(Changed!$M87>Base!$M87,"↑",IF(Changed!$M87<Base!$M87," ↓",""))} -> 30 | N87: =Changed!G87-Base!G87 -> 0
A88: 87 | B88: Magnemite | C88: =IF(Changed!C88<>"", Changed!C88, "") -> Electric | D88: =IF(Changed!D88<>"", Changed!D88, "") -> Steel | E88: =IF(Changed!E88<>"", Changed!E88, "") -> Manget Pull | F88: =IF(Changed!F88<>"", Changed!F88, "") -> Levitate | G88: {=INDEX(Changed!$G:$G,ROW())&IF(Changed!$G88>Base!$G88,"↑",IF(Changed!$G88<Base!$G88," ↓",""))} -> 325 | H88: {=INDEX(Changed!$H:$H,ROW())&IF(Changed!$H88>Base!$H88,"↑",IF(Changed!$H88<Base!$H88," ↓",""))} -> 25 | I88: {=INDEX(Changed!$I:$I,ROW())&IF(Changed!$I88>Base!$I88,"↑",IF(Changed!$I88<Base!$I88," ↓",""))} -> 35 | J88: {=INDEX(Changed!$J:$J,ROW())&IF(Changed!$J88>Base!$J88,"↑",IF(Changed!$J88<Base!$J88," ↓",""))} -> 70 | K88: {=INDEX(Changed!$K:$K,ROW())&IF(Changed!$K88>Base!$K88,"↑",IF(Changed!$K88<Base!$K88," ↓",""))} -> 95 | L88: {=INDEX(Changed!$L:$L,ROW())&IF(Changed!$L88>Base!$L88,"↑",IF(Changed!$L88<Base!$L88," ↓",""))} -> 55 | M88: {=INDEX(Changed!$M:$M,ROW())&IF(Changed!$M88>Base!$M88,"↑",IF(Changed!$M88<Base!$M88," ↓",""))} -> 45 | N88: =Changed!G88-Base!G88 -> 0
A89: 88 | B89: Magneton | C89: =IF(Changed!C89<>"", Changed!C89, "") -> Electric | D89: =IF(Changed!D89<>"", Changed!D89, "") -> Steel | E89: =IF(Changed!E89<>"", Changed!E89, "") -> Manget Pull | F89: =IF(Changed!F89<>"", Changed!F89, "") -> Levitate | G89: {=INDEX(Changed!$G:$G,ROW())&IF(Changed!$G89>Base!$G89,"↑",IF(Changed!$G89<Base!$G89," ↓",""))} -> 465 | H89: {=INDEX(Changed!$H:$H,ROW())&IF(Changed!$H89>Base!$H89,"↑",IF(Changed!$H89<Base!$H89," ↓",""))} -> 50 | I89: {=INDEX(Changed!$I:$I,ROW())&IF(Changed!$I89>Base!$I89,"↑",IF(Changed!$I89<Base!$I89," ↓",""))} -> 60 | J89: {=INDEX(Changed!$J:$J,ROW())&IF(Changed!$J89>Base!$J89,"↑",IF(Changed!$J89<Base!$J89," ↓",""))} -> 95 | K89: {=INDEX(Changed!$K:$K,ROW())&IF(Changed!$K89>Base!$K89,"↑",IF(Changed!$K89<Base!$K89," ↓",""))} -> 120 | L89: {=INDEX(Changed!$L:$L,ROW())&IF(Changed!$L89>Base!$L89,"↑",IF(Changed!$L89<Base!$L89," ↓",""))} -> 70 | M89: {=INDEX(Changed!$M:$M,ROW())&IF(Changed!$M89>Base!$M89,"↑",IF(Changed!$M89<Base!$M89," ↓",""))} -> 70 | N89: =Changed!G89-Base!G89 -> 0
A90: 89 | B90: Magnezone | C90: =IF(Changed!C90<>"", Changed!C90, "") -> Electric | D90: =IF(Changed!D90<>"", Changed!D90, "") -> Steel | E90: =IF(Changed!E90<>"", Changed!E90, "") -> Magnet Pull | F90: =IF(Changed!F90<>"", Changed!F90, "") -> Levitate | G90: {=INDEX(Changed!$G:$G,ROW())&IF(Changed!$G90>Base!$G90,"↑",IF(Changed!$G90<Base!$G90," ↓",""))} -> 535 | H90: {=INDEX(Changed!$H:$H,ROW())&IF(Changed!$H90>Base!$H90,"↑",IF(Changed!$H90<Base!$H90," ↓",""))} -> 70 | I90: {=INDEX(Changed!$I:$I,ROW())&IF(Changed!$I90>Base!$I90,"↑",IF(Changed!$I90<Base!$I90," ↓",""))} -> 70 | J90: {=INDEX(Changed!$J:$J,ROW())&IF(Changed!$J90>Base!$J90,"↑",IF(Changed!$J90<Base!$J90," ↓",""))} -> 115 | K90: {=INDEX(Changed!$K:$K,ROW())&IF(Changed!$K90>Base!$K90,"↑",IF(Changed!$K90<Base!$K90," ↓",""))} -> 130 | L90: {=INDEX(Changed!$L:$L,ROW())&IF(Changed!$L90>Base!$L90,"↑",IF(Changed!$L90<Base!$L90," ↓",""))} -> 90 | M90: {=INDEX(Changed!$M:$M,ROW())&IF(Changed!$M90>Base!$M90,"↑",IF(Changed!$M90<Base!$M90," ↓",""))} -> 60 | N90: =Changed!G90-Base!G90 -> 0
A91: 90 | B91: Farfetch'd | C91: =IF(Changed!C91<>"", Changed!C91, "") -> Fighting | D91: =IF(Changed!D91<>"", Changed!D91, "") -> Flying | E91: =IF(Changed!E91<>"", Changed!E91, "") -> Super Luck | F91: =IF(Changed!F91<>"", Changed!F91, "") -> Sniper | G91: {=INDEX(Changed!$G:$G,ROW())&IF(Changed!$G91>Base!$G91,"↑",IF(Changed!$G91<Base!$G91," ↓",""))} -> 377 | H91: {=INDEX(Changed!$H:$H,ROW())&IF(Changed!$H91>Base!$H91,"↑",IF(Changed!$H91<Base!$H91," ↓",""))} -> 52 | I91: {=INDEX(Changed!$I:$I,ROW())&IF(Changed!$I91>Base!$I91,"↑",IF(Changed!$I91<Base!$I91," ↓",""))} -> 90 | J91: {=INDEX(Changed!$J:$J,ROW())&IF(Changed!$J91>Base!$J91,"↑",IF(Changed!$J91<Base!$J91," ↓",""))} -> 55 | K91: {=INDEX(Changed!$K:$K,ROW())&IF(Changed!$K91>Base!$K91,"↑",IF(Changed!$K91<Base!$K91," ↓",""))} -> 58 | L91: {=INDEX(Changed!$L:$L,ROW())&IF(Changed!$L91>Base!$L91,"↑",IF(Changed!$L91<Base!$L91," ↓",""))} -> 62 | M91: {=INDEX(Changed!$M:$M,ROW())&IF(Changed!$M91>Base!$M91,"↑",IF(Changed!$M91<Base!$M91," ↓",""))} -> 60 | N91: =Changed!G91-Base!G91 -> 0
A92: 91 | B92: Sirfetch'd | C92: =IF(Changed!C92<>"", Changed!C92, "") -> Fighting | D92: =IF(Changed!D92<>"", Changed!D92, "") -> Flying | E92: =IF(Changed!E92<>"", Changed!E92, "") -> Super Luck | F92: =IF(Changed!F92<>"", Changed!F92, "") -> Sniper | G92: {=INDEX(Changed!$G:$G,ROW())&IF(Changed!$G92>Base!$G92,"↑",IF(Changed!$G92<Base!$G92," ↓",""))} -> 507 | H92: {=INDEX(Changed!$H:$H,ROW())&IF(Changed!$H92>Base!$H92,"↑",IF(Changed!$H92<Base!$H92," ↓",""))} -> 62 | I92: {=INDEX(Changed!$I:$I,ROW())&IF(Changed!$I92>Base!$I92,"↑",IF(Changed!$I92<Base!$I92," ↓",""))} -> 135 | J92: {=INDEX(Changed!$J:$J,ROW())&IF(Changed!$J92>Base!$J92,"↑",IF(Changed!$J92<Base!$J92," ↓",""))} -> 95 | K92: {=INDEX(Changed!$K:$K,ROW())&IF(Changed!$K92>Base!$K92,"↑",IF(Changed!$K92<Base!$K92," ↓",""))} -> 68 | L92: {=INDEX(Changed!$L:$L,ROW())&IF(Changed!$L92>Base!$L92,"↑",IF(Changed!$L92<Base!$L92," ↓",""))} -> 82 | M92: {=INDEX(Changed!$M:$M,ROW())&IF(Changed!$M92>Base!$M92,"↑",IF(Changed!$M92<Base!$M92," ↓",""))} -> 65 | N92: =Changed!G92-Base!G92 -> 0
A93: 92 | B93: Doduo | C93: =IF(Changed!C93<>"", Changed!C93, "") -> Ground | D93: =IF(Changed!D93<>"", Changed!D93, "") -> Flying | E93: =IF(Changed!E93<>"", Changed!E93, "") -> Parental Bond | F93: =IF(Changed!F93<>"", Changed!F93, "") -> Early Bird | G93: {=INDEX(Changed!$G:$G,ROW())&IF(Changed!$G93>Base!$G93,"↑",IF(Changed!$G93<Base!$G93," ↓",""))} -> 310 | H93: {=INDEX(Changed!$H:$H,ROW())&IF(Changed!$H93>Base!$H93,"↑",IF(Changed!$H93<Base!$H93," ↓",""))} -> 35 | I93: {=INDEX(Changed!$I:$I,ROW())&IF(Changed!$I93>Base!$I93,"↑",IF(Changed!$I93<Base!$I93," ↓",""))} -> 85 | J93: {=INDEX(Changed!$J:$J,ROW())&IF(Changed!$J93>Base!$J93,"↑",IF(Changed!$J93<Base!$J93," ↓",""))} -> 45 | K93: {=INDEX(Changed!$K:$K,ROW())&IF(Changed!$K93>Base!$K93,"↑",IF(Changed!$K93<Base!$K93," ↓",""))} -> 35 | L93: {=INDEX(Changed!$L:$L,ROW())&IF(Changed!$L93>Base!$L93,"↑",IF(Changed!$L93<Base!$L93," ↓",""))} -> 35 | M93: {=INDEX(Changed!$M:$M,ROW())&IF(Changed!$M93>Base!$M93,"↑",IF(Changed!$M93<Base!$M93," ↓",""))} -> 75 | N93: =Changed!G93-Base!G93 -> 0
A94: 93 | B94: Dodrio | C94: =IF(Changed!C94<>"", Changed!C94, "") -> Ground | D94: =IF(Changed!D94<>"", Changed!D94, "") -> Flying | E94: =IF(Changed!E94<>"", Changed!E94, "") -> Parental Bond | F94: =IF(Changed!F94<>"", Changed!F94, "") -> Early Bird | G94: {=INDEX(Changed!$G:$G,ROW())&IF(Changed!$G94>Base!$G94,"↑",IF(Changed!$G94<Base!$G94," ↓",""))} -> 470 | H94: {=INDEX(Changed!$H:$H,ROW())&IF(Changed!$H94>Base!$H94,"↑",IF(Changed!$H94<Base!$H94," ↓",""))} -> 60 | I94: {=INDEX(Changed!$I:$I,ROW())&IF(Changed!$I94>Base!$I94,"↑",IF(Changed!$I94<Base!$I94," ↓",""))} -> 110 | J94: {=INDEX(Changed!$J:$J,ROW())&IF(Changed!$J94>Base!$J94,"↑",IF(Changed!$J94<Base!$J94," ↓",""))} -> 70 | K94: {=INDEX(Changed!$K:$K,ROW())&IF(Changed!$K94>Base!$K94,"↑",IF(Changed!$K94<Base!$K94," ↓",""))} -> 60 | L94: {=INDEX(Changed!$L:$L,ROW())&IF(Changed!$L94>Base!$L94,"↑",IF(Changed!$L94<Base!$L94," ↓",""))} -> 60 | M94: {=INDEX(Changed!$M:$M,ROW())&IF(Changed!$M94>Base!$M94,"↑",IF(Changed!$M94<Base!$M94," ↓",""))} -> 110 | N94: =Changed!G94-Base!G94 -> 0
A95: 94 | B95: Seel | C95: =IF(Changed!C95<>"", Changed!C95, "") -> Water | D95: =IF(Changed!D95<>"", Changed!D95, "") | E95: =IF(Changed!E95<>"", Changed!E95, "") -> Thick Fat | F95: =IF(Changed!F95<>"", Changed!F95, "") -> Refrigerate | G95: {=INDEX(Changed!$G:$G,ROW())&IF(Changed!$G95>Base!$G95,"↑",IF(Changed!$G95<Base!$G95," ↓",""))} -> 335↑ | H95: {=INDEX(Changed!$H:$H,ROW())&IF(Changed!$H95>Base!$H95,"↑",IF(Changed!$H95<Base!$H95," ↓",""))} -> 65 | I95: {=INDEX(Changed!$I:$I,ROW())&IF(Changed!$I95>Base!$I95,"↑",IF(Changed!$I95<Base!$I95," ↓",""))} -> 45 | J95: {=INDEX(Changed!$J:$J,ROW())&IF(Changed!$J95>Base!$J95,"↑",IF(Changed!$J95<Base!$J95," ↓",""))} -> 55 | K95: {=INDEX(Changed!$K:$K,ROW())&IF(Changed!$K95>Base!$K95,"↑",IF(Changed!$K95<Base!$K95," ↓",""))} -> 45 | L95: {=INDEX(Changed!$L:$L,ROW())&IF(Changed!$L95>Base!$L95,"↑",IF(Changed!$L95<Base!$L95," ↓",""))} -> 80↑ | M95: {=INDEX(Changed!$M:$M,ROW())&IF(Changed!$M95>Base!$M95,"↑",IF(Changed!$M95<Base!$M95," ↓",""))} -> 45 | N95: =Changed!G95-Base!G95 -> 10
A96: 95 | B96: Dewgong | C96: =IF(Changed!C96<>"", Changed!C96, "") -> Water | D96: =IF(Changed!D96<>"", Changed!D96, "") -> Ice | E96: =IF(Changed!E96<>"", Changed!E96, "") -> Thick Fat | F96: =IF(Changed!F96<>"", Changed!F96, "") -> Refrigerate | G96: {=INDEX(Changed!$G:$G,ROW())&IF(Changed!$G96>Base!$G96,"↑",IF(Changed!$G96<Base!$G96," ↓",""))} -> 485↑ | H96: {=INDEX(Changed!$H:$H,ROW())&IF(Changed!$H96>Base!$H96,"↑",IF(Changed!$H96<Base!$H96," ↓",""))} -> 90 | I96: {=INDEX(Changed!$I:$I,ROW())&IF(Changed!$I96>Base!$I96,"↑",IF(Changed!$I96<Base!$I96," ↓",""))} -> 70 | J96: {=INDEX(Changed!$J:$J,ROW())&IF(Changed!$J96>Base!$J96,"↑",IF(Changed!$J96<Base!$J96," ↓",""))} -> 80 | K96: {=INDEX(Changed!$K:$K,ROW())&IF(Changed!$K96>Base!$K96,"↑",IF(Changed!$K96<Base!$K96," ↓",""))} -> 70 | L96: {=INDEX(Changed!$L:$L,ROW())&IF(Changed!$L96>Base!$L96,"↑",IF(Changed!$L96<Base!$L96," ↓",""))} -> 105↑ | M96: {=INDEX(Changed!$M:$M,ROW())&IF(Changed!$M96>Base!$M96,"↑",IF(Changed!$M96<Base!$M96," ↓",""))} -> 70 | N96: =Changed!G96-Base!G96 -> 10
A97: 96 | B97: Grimer | C97: =IF(Changed!C97<>"", Changed!C97, "") -> Poison | D97: =IF(Changed!D97<>"", Changed!D97, "") | E97: =IF(Changed!E97<>"", Changed!E97, "") -> Corrosion | F97: =IF(Changed!F97<>"", Changed!F97, "") -> Sticky Hold | G97: {=INDEX(Changed!$G:$G,ROW())&IF(Changed!$G97>Base!$G97,"↑",IF(Changed!$G97<Base!$G97," ↓",""))} -> 325 | H97: {=INDEX(Changed!$H:$H,ROW())&IF(Changed!$H97>Base!$H97,"↑",IF(Changed!$H97<Base!$H97," ↓",""))} -> 80 | I97: {=INDEX(Changed!$I:$I,ROW())&IF(Changed!$I97>Base!$I97,"↑",IF(Changed!$I97<Base!$I97," ↓",""))} -> 80 | J97: {=INDEX(Changed!$J:$J,ROW())&IF(Changed!$J97>Base!$J97,"↑",IF(Changed!$J97<Base!$J97," ↓",""))} -> 50 | K97: {=INDEX(Changed!$K:$K,ROW())&IF(Changed!$K97>Base!$K97,"↑",IF(Changed!$K97<Base!$K97," ↓",""))} -> 40 | L97: {=INDEX(Changed!$L:$L,ROW())&IF(Changed!$L97>Base!$L97,"↑",IF(Changed!$L97<Base!$L97," ↓",""))} -> 50 | M97: {=INDEX(Changed!$M:$M,ROW())&IF(Changed!$M97>Base!$M97,"↑",IF(Changed!$M97<Base!$M97," ↓",""))} -> 25 | N97: =Changed!G97-Base!G97 -> 0
A98: 97 | B98: Muk | C98: =IF(Changed!C98<>"", Changed!C98, "") -> Poison | D98: =IF(Changed!D98<>"", Changed!D98, "") | E98: =IF(Changed!E98<>"", Changed!E98, "") -> Corrosion | F98: =IF(Changed!F98<>"", Changed!F98, "") -> Sticky Hold | G98: {=INDEX(Changed!$G:$G,ROW())&IF(Changed!$G98>Base!$G98,"↑",IF(Changed!$G98<Base!$G98," ↓",""))} -> 500 | H98: {=INDEX(Changed!$H:$H,ROW())&IF(Changed!$H98>Base!$H98,"↑",IF(Changed!$H98<Base!$H98," ↓",""))} -> 105 | I98: {=INDEX(Changed!$I:$I,ROW())&IF(Changed!$I98>Base!$I98,"↑",IF(Changed!$I98<Base!$I98," ↓",""))} -> 105 | J98: {=INDEX(Changed!$J:$J,ROW())&IF(Changed!$J98>Base!$J98,"↑",IF(Changed!$J98<Base!$J98," ↓",""))} -> 75 | K98: {=INDEX(Changed!$K:$K,ROW())&IF(Changed!$K98>Base!$K98,"↑",IF(Changed!$K98<Base!$K98," ↓",""))} -> 65 | L98: {=INDEX(Changed!$L:$L,ROW())&IF(Changed!$L98>Base!$L98,"↑",IF(Changed!$L98<Base!$L98," ↓",""))} -> 100 | M98: {=INDEX(Changed!$M:$M,ROW())&IF(Changed!$M98>Base!$M98,"↑",IF(Changed!$M98<Base!$M98," ↓",""))} -> 50 | N98: =Changed!G98-Base!G98 -> 0
A99: 98 | B99: Shellder | C99: =IF(Changed!C99<>"", Changed!C99, "") -> Water | D99: =IF(Changed!D99<>"", Changed!D99, "") | E99: =IF(Changed!E99<>"", Changed!E99, "") -> Shell Armor | F99: =IF(Changed!F99<>"", Changed!F99, "") -> Skill Link | G99: {=INDEX(Changed!$G:$G,ROW())&IF(Changed!$G99>Base!$G99,"↑",IF(Changed!$G99<Base!$G99," ↓",""))} -> 305 | H99: {=INDEX(Changed!$H:$H,ROW())&IF(Changed!$H99>Base!$H99,"↑",IF(Changed!$H99<Base!$H99," ↓",""))} -> 30 | I99: {=INDEX(Changed!$I:$I,ROW())&IF(Changed!$I99>Base!$I99,"↑",IF(Changed!$I99<Base!$I99," ↓",""))} -> 65 | J99: {=INDEX(Changed!$J:$J,ROW())&IF(Changed!$J99>Base!$J99,"↑",IF(Changed!$J99<Base!$J99," ↓",""))} -> 100 | K99: {=INDEX(Changed!$K:$K,ROW())&IF(Changed!$K99>Base!$K99,"↑",IF(Changed!$K99<Base!$K99," ↓",""))} -> 45 | L99: {=INDEX(Changed!$L:$L,ROW())&IF(Changed!$L99>Base!$L99,"↑",IF(Changed!$L99<Base!$L99," ↓",""))} -> 25 | M99: {=INDEX(Changed!$M:$M,ROW())&IF(Changed!$M99>Base!$M99,"↑",IF(Changed!$M99<Base!$M99," ↓",""))} -> 40 | N99: =Changed!G99-Base!G99 -> 0
... A104: 103 | B104: Onix | C104: =IF(Changed!C104<>"", Changed!C104, "") -> Rock | D104: =IF(Changed!D104<>"", Changed!D104, "") -> Ground | E104: =IF(Changed!E104<>"", Changed!E104, "") -> Sand Stream | F104: =IF(Changed!F104<>"", Changed!F104, "") -> Sheer Force | G104: {=INDEX(Changed!$G:$G,ROW())&IF(Changed!$G104>Base!$G104,"↑",IF(Changed!$G104<Base!$G104," ↓",""))} -> 415↑ | H104: {=INDEX(Changed!$H:$H,ROW())&IF(Changed!$H104>Base!$H104,"↑",IF(Changed!$H104<Base!$H104," ↓",""))} -> 35 | I104: {=INDEX(Changed!$I:$I,ROW())&IF(Changed!$I104>Base!$I104,"↑",IF(Changed!$I104<Base!$I104," ↓",""))} -> 85↑ | J104: {=INDEX(Changed!$J:$J,ROW())&IF(Changed!$J104>Base!$J104,"↑",IF(Changed!$J104<Base!$J104," ↓",""))} -> 150 ↓ | K104: {=INDEX(Changed!$K:$K,ROW())&IF(Changed!$K104>Base!$K104,"↑",IF(Changed!$K104<Base!$K104," ↓",""))} -> 30 | L104: {=INDEX(Changed!$L:$L,ROW())&IF(Changed!$L104>Base!$L104,"↑",IF(Changed!$L104<Base!$L104," ↓",""))} -> 45 | M104: {=INDEX(Changed!$M:$M,ROW())&IF(Changed!$M104>Base!$M104,"↑",IF(Changed!$M104<Base!$M104," ↓",""))} -> 70 | N104: =Changed!G104-Base!G104 -> 30
A105: 104 | B105: Steelix | C105: =IF(Changed!C105<>"", Changed!C105, "") -> Steel | D105: =IF(Changed!D105<>"", Changed!D105, "") -> Ground | E105: =IF(Changed!E105<>"", Changed!E105, "") -> Sand Stream | F105: =IF(Changed!F105<>"", Changed!F105, "") -> Sheer Force | G105: {=INDEX(Changed!$G:$G,ROW())&IF(Changed!$G105>Base!$G105,"↑",IF(Changed!$G105<Base!$G105," ↓",""))} -> 510 | H105: {=INDEX(Changed!$H:$H,ROW())&IF(Changed!$H105>Base!$H105,"↑",IF(Changed!$H105<Base!$H105," ↓",""))} -> 75 | I105: {=INDEX(Changed!$I:$I,ROW())&IF(Changed!$I105>Base!$I105,"↑",IF(Changed!$I105<Base!$I105," ↓",""))} -> 110↑ | J105: {=INDEX(Changed!$J:$J,ROW())&IF(Changed!$J105>Base!$J105,"↑",IF(Changed!$J105<Base!$J105," ↓",""))} -> 175 ↓ | K105: {=INDEX(Changed!$K:$K,ROW())&IF(Changed!$K105>Base!$K105,"↑",IF(Changed!$K105<Base!$K105," ↓",""))} -> 55 | L105: {=INDEX(Changed!$L:$L,ROW())&IF(Changed!$L105>Base!$L105,"↑",IF(Changed!$L105<Base!$L105," ↓",""))} -> 65 | M105: {=INDEX(Changed!$M:$M,ROW())&IF(Changed!$M105>Base!$M105,"↑",IF(Changed!$M105<Base!$M105," ↓",""))} -> 30 | N105: =Changed!G105-Base!G105 -> 0 | O105: basically swapped steelix w/ aggron in atk + def cause I think a massive fucking snake should do more than a thing 1/4th its size
A106: 105 | B106: Drowzee | C106: =IF(Changed!C106<>"", Changed!C106, "") -> Psychic | D106: =IF(Changed!D106<>"", Changed!D106, "") -> Normal | E106: =IF(Changed!E106<>"", Changed!E106, "") -> Insomnia | F106: =IF(Changed!F106<>"", Changed!F106, "") -> Bad Dreams | G106: {=INDEX(Changed!$G:$G,ROW())&IF(Changed!$G106>Base!$G106,"↑",IF(Changed!$G106<Base!$G106," ↓",""))} -> 328 | H106: {=INDEX(Changed!$H:$H,ROW())&IF(Changed!$H106>Base!$H106,"↑",IF(Changed!$H106<Base!$H106," ↓",""))} -> 60 | I106: {=INDEX(Changed!$I:$I,ROW())&IF(Changed!$I106>Base!$I106,"↑",IF(Changed!$I106<Base!$I106," ↓",""))} -> 48 | J106: {=INDEX(Changed!$J:$J,ROW())&IF(Changed!$J106>Base!$J106,"↑",IF(Changed!$J106<Base!$J106," ↓",""))} -> 45 | K106: {=INDEX(Changed!$K:$K,ROW())&IF(Changed!$K106>Base!$K106,"↑",IF(Changed!$K106<Base!$K106," ↓",""))} -> 43 | L106: {=INDEX(Changed!$L:$L,ROW())&IF(Changed!$L106>Base!$L106,"↑",IF(Changed!$L106<Base!$L106," ↓",""))} -> 90 | M106: {=INDEX(Changed!$M:$M,ROW())&IF(Changed!$M106>Base!$M106,"↑",IF(Changed!$M106<Base!$M106," ↓",""))} -> 42 | N106: =Changed!G106-Base!G106 -> 0
A107: 106 | B107: Hypno | C107: =IF(Changed!C107<>"", Changed!C107, "") -> Psychic | D107: =IF(Changed!D107<>"", Changed!D107, "") -> Normal | E107: =IF(Changed!E107<>"", Changed!E107, "") -> Insomnia | F107: =IF(Changed!F107<>"", Changed!F107, "") -> Bad Dreams | G107: {=INDEX(Changed!$G:$G,ROW())&IF(Changed!$G107>Base!$G107,"↑",IF(Changed!$G107<Base!$G107," ↓",""))} -> 483 | H107: {=INDEX(Changed!$H:$H,ROW())&IF(Changed!$H107>Base!$H107,"↑",IF(Changed!$H107<Base!$H107," ↓",""))} -> 85 | I107: {=INDEX(Changed!$I:$I,ROW())&IF(Changed!$I107>Base!$I107,"↑",IF(Changed!$I107<Base!$I107," ↓",""))} -> 73 | J107: {=INDEX(Changed!$J:$J,ROW())&IF(Changed!$J107>Base!$J107,"↑",IF(Changed!$J107<Base!$J107," ↓",""))} -> 70 | K107: {=INDEX(Changed!$K:$K,ROW())&IF(Changed!$K107>Base!$K107,"↑",IF(Changed!$K107<Base!$K107," ↓",""))} -> 73 | L107: {=INDEX(Changed!$L:$L,ROW())&IF(Changed!$L107>Base!$L107,"↑",IF(Changed!$L107<Base!$L107," ↓",""))} -> 115 | M107: {=INDEX(Changed!$M:$M,ROW())&IF(Changed!$M107>Base!$M107,"↑",IF(Changed!$M107<Base!$M107," ↓",""))} -> 67 | N107: =Changed!G107-Base!G107 -> 0
A108: 107 | B108: Krabby | C108: =IF(Changed!C108<>"", Changed!C108, "") -> Water | D108: =IF(Changed!D108<>"", Changed!D108, "") | E108: =IF(Changed!E108<>"", Changed!E108, "") -> Hyper Cutter | F108: =IF(Changed!F108<>"", Changed!F108, "") -> Shell Armor | G108: {=INDEX(Changed!$G:$G,ROW())&IF(Changed!$G108>Base!$G108,"↑",IF(Changed!$G108<Base!$G108," ↓",""))} -> 325 | H108: {=INDEX(Changed!$H:$H,ROW())&IF(Changed!$H108>Base!$H108,"↑",IF(Changed!$H108<Base!$H108," ↓",""))} -> 30 | I108: {=INDEX(Changed!$I:$I,ROW())&IF(Changed!$I108>Base!$I108,"↑",IF(Changed!$I108<Base!$I108," ↓",""))} -> 105 | J108: {=INDEX(Changed!$J:$J,ROW())&IF(Changed!$J108>Base!$J108,"↑",IF(Changed!$J108<Base!$J108," ↓",""))} -> 90 | K108: {=INDEX(Changed!$K:$K,ROW())&IF(Changed!$K108>Base!$K108,"↑",IF(Changed!$K108<Base!$K108," ↓",""))} -> 25 | L108: {=INDEX(Changed!$L:$L,ROW())&IF(Changed!$L108>Base!$L108,"↑",IF(Changed!$L108<Base!$L108," ↓",""))} -> 25 | M108: {=INDEX(Changed!$M:$M,ROW())&IF(Changed!$M108>Base!$M108,"↑",IF(Changed!$M108<Base!$M108," ↓",""))} -> 50 | N108: =Changed!G108-Base!G108 -> 0
A109: 108 | B109: Kingler | C109: =IF(Changed!C109<>"", Changed!C109, "") -> Water | D109: =IF(Changed!D109<>"", Changed!D109, "") | E109: =IF(Changed!E109<>"", Changed!E109, "") -> Sheer Force | F109: =IF(Changed!F109<>"", Changed!F109, "") -> Shell Armor | G109: {=INDEX(Changed!$G:$G,ROW())&IF(Changed!$G109>Base!$G109,"↑",IF(Changed!$G109<Base!$G109," ↓",""))} -> 495↑ | H109: {=INDEX(Changed!$H:$H,ROW())&IF(Changed!$H109>Base!$H109,"↑",IF(Changed!$H109<Base!$H109," ↓",""))} -> 75↑ | I109: {=INDEX(Changed!$I:$I,ROW())&IF(Changed!$I109>Base!$I109,"↑",IF(Changed!$I109<Base!$I109," ↓",""))} -> 130 | J109: {=INDEX(Changed!$J:$J,ROW())&IF(Changed!$J109>Base!$J109,"↑",IF(Changed!$J109<Base!$J109," ↓",""))} -> 115 | K109: {=INDEX(Changed!$K:$K,ROW())&IF(Changed!$K109>Base!$K109,"↑",IF(Changed!$K109<Base!$K109," ↓",""))} -> 50 | L109: {=INDEX(Changed!$L:$L,ROW())&IF(Changed!$L109>Base!$L109,"↑",IF(Changed!$L109<Base!$L109," ↓",""))} -> 50 | M109: {=INDEX(Changed!$M:$M,ROW())&IF(Changed!$M109>Base!$M109,"↑",IF(Changed!$M109<Base!$M109," ↓",""))} -> 75 | N109: =Changed!G109-Base!G109 -> 20
A110: 109 | B110: Voltorb | C110: =IF(Changed!C110<>"", Changed!C110, "") -> Electric | D110: =IF(Changed!D110<>"", Changed!D110, "") | E110: =IF(Changed!E110<>"", Changed!E110, "") -> Transistor | F110: =IF(Changed!F110<>"", Changed!F110, "") -> Static | G110: {=INDEX(Changed!$G:$G,ROW())&IF(Changed!$G110>Base!$G110,"↑",IF(Changed!$G110<Base!$G110," ↓",""))} -> 330 | H110: {=INDEX(Changed!$H:$H,ROW())&IF(Changed!$H110>Base!$H110,"↑",IF(Changed!$H110<Base!$H110," ↓",""))} -> 40 | I110: {=INDEX(Changed!$I:$I,ROW())&IF(Changed!$I110>Base!$I110,"↑",IF(Changed!$I110<Base!$I110," ↓",""))} -> 30 | J110: {=INDEX(Changed!$J:$J,ROW())&IF(Changed!$J110>Base!$J110,"↑",IF(Changed!$J110<Base!$J110," ↓",""))} -> 50 | K110: {=INDEX(Changed!$K:$K,ROW())&IF(Changed!$K110>Base!$K110,"↑",IF(Changed!$K110<Base!$K110," ↓",""))} -> 55 | L110: {=INDEX(Changed!$L:$L,ROW())&IF(Changed!$L110>Base!$L110,"↑",IF(Changed!$L110<Base!$L110," ↓",""))} -> 55 | M110: {=INDEX(Changed!$M:$M,ROW())&IF(Changed!$M110>Base!$M110,"↑",IF(Changed!$M110<Base!$M110," ↓",""))} -> 100 | N110: =Changed!G110-Base!G110 -> 0
A111: 110 | B111: Electrode | C111: =IF(Changed!C111<>"", Changed!C111, "") -> Electric | D111: =IF(Changed!D111<>"", Changed!D111, "") | E111: =IF(Changed!E111<>"", Changed!E111, "") -> Transistor | F111: =IF(Changed!F111<>"", Changed!F111, "") -> Static | G111: {=INDEX(Changed!$G:$G,ROW())&IF(Changed!$G111>Base!$G111,"↑",IF(Changed!$G111<Base!$G111," ↓",""))} -> 495↑ | H111: {=INDEX(Changed!$H:$H,ROW())&IF(Changed!$H111>Base!$H111,"↑",IF(Changed!$H111<Base!$H111," ↓",""))} -> 60 | I111: {=INDEX(Changed!$I:$I,ROW())&IF(Changed!$I111>Base!$I111,"↑",IF(Changed!$I111<Base!$I111," ↓",""))} -> 50 | J111: {=INDEX(Changed!$J:$J,ROW())&IF(Changed!$J111>Base!$J111,"↑",IF(Changed!$J111<Base!$J111," ↓",""))} -> 70 | K111: {=INDEX(Changed!$K:$K,ROW())&IF(Changed!$K111>Base!$K111,"↑",IF(Changed!$K111<Base!$K111," ↓",""))} -> 95↑ | L111: {=INDEX(Changed!$L:$L,ROW())&IF(Changed!$L111>Base!$L111,"↑",IF(Changed!$L111<Base!$L111," ↓",""))} -> 70 ↓ | M111: {=INDEX(Changed!$M:$M,ROW())&IF(Changed!$M111>Base!$M111,"↑",IF(Changed!$M111<Base!$M111," ↓",""))} -> 150 | N111: =Changed!G111-Base!G111 -> 5
A112: 111 | B112: Exeggcute | C112: =IF(Changed!C112<>"", Changed!C112, "") -> Grass | D112: =IF(Changed!D112<>"", Changed!D112, "") -> Psychic | E112: =IF(Changed!E112<>"", Changed!E112, "") -> Chlorophyll | F112: =IF(Changed!F112<>"", Changed!F112, "") -> Harvest | G112: {=INDEX(Changed!$G:$G,ROW())&IF(Changed!$G112>Base!$G112,"↑",IF(Changed!$G112<Base!$G112," ↓",""))} -> 325 | H112: {=INDEX(Changed!$H:$H,ROW())&IF(Changed!$H112>Base!$H112,"↑",IF(Changed!$H112<Base!$H112," ↓",""))} -> 60 | I112: {=INDEX(Changed!$I:$I,ROW())&IF(Changed!$I112>Base!$I112,"↑",IF(Changed!$I112<Base!$I112," ↓",""))} -> 40 | J112: {=INDEX(Changed!$J:$J,ROW())&IF(Changed!$J112>Base!$J112,"↑",IF(Changed!$J112<Base!$J112," ↓",""))} -> 80 | K112: {=INDEX(Changed!$K:$K,ROW())&IF(Changed!$K112>Base!$K112,"↑",IF(Changed!$K112<Base!$K112," ↓",""))} -> 60 | L112: {=INDEX(Changed!$L:$L,ROW())&IF(Changed!$L112>Base!$L112,"↑",IF(Changed!$L112<Base!$L112," ↓",""))} -> 45 | M112: {=INDEX(Changed!$M:$M,ROW())&IF(Changed!$M112>Base!$M112,"↑",IF(Changed!$M112<Base!$M112," ↓",""))} -> 40 | N112: =Changed!G112-Base!G112 -> 0
A113: 112 | B113: Exeggutor | C113: =IF(Changed!C113<>"", Changed!C113, "") -> Grass | D113: =IF(Changed!D113<>"", Changed!D113, "") -> Psychic | E113: =IF(Changed!E113<>"", Changed!E113, "") -> Chlorophyll | F113: =IF(Changed!F113<>"", Changed!F113, "") -> Harvest | G113: {=INDEX(Changed!$G:$G,ROW())&IF(Changed!$G113>Base!$G113,"↑",IF(Changed!$G113<Base!$G113," ↓",""))} -> 530 | H113: {=INDEX(Changed!$H:$H,ROW())&IF(Changed!$H113>Base!$H113,"↑",IF(Changed!$H113<Base!$H113," ↓",""))} -> 95 | I113: {=INDEX(Changed!$I:$I,ROW())&IF(Changed!$I113>Base!$I113,"↑",IF(Changed!$I113<Base!$I113," ↓",""))} -> 95 | J113: {=INDEX(Changed!$J:$J,ROW())&IF(Changed!$J113>Base!$J113,"↑",IF(Changed!$J113<Base!$J113," ↓",""))} -> 85 | K113: {=INDEX(Changed!$K:$K,ROW())&IF(Changed!$K113>Base!$K113,"↑",IF(Changed!$K113<Base!$K113," ↓",""))} -> 125 | L113: {=INDEX(Changed!$L:$L,ROW())&IF(Changed!$L113>Base!$L113,"↑",IF(Changed!$L113<Base!$L113," ↓",""))} -> 75 | M113: {=INDEX(Changed!$M:$M,ROW())&IF(Changed!$M113>Base!$M113,"↑",IF(Changed!$M113<Base!$M113," ↓",""))} -> 55 | N113: =Changed!G113-Base!G113 -> 0
A114: 113 | B114: Cubone | C114: =IF(Changed!C114<>"", Changed!C114, "") -> Ground | D114: =IF(Changed!D114<>"", Changed!D114, "") | E114: =IF(Changed!E114<>"", Changed!E114, "") -> Rock Head | F114: =IF(Changed!F114<>"", Changed!F114, "") -> Lightning Rod | G114: {=INDEX(Changed!$G:$G,ROW())&IF(Changed!$G114>Base!$G114,"↑",IF(Changed!$G114<Base!$G114," ↓",""))} -> 320 | H114: {=INDEX(Changed!$H:$H,ROW())&IF(Changed!$H114>Base!$H114,"↑",IF(Changed!$H114<Base!$H114," ↓",""))} -> 50 | I114: {=INDEX(Changed!$I:$I,ROW())&IF(Changed!$I114>Base!$I114,"↑",IF(Changed!$I114<Base!$I114," ↓",""))} -> 50 | J114: {=INDEX(Changed!$J:$J,ROW())&IF(Changed!$J114>Base!$J114,"↑",IF(Changed!$J114<Base!$J114," ↓",""))} -> 95 | K114: {=INDEX(Changed!$K:$K,ROW())&IF(Changed!$K114>Base!$K114,"↑",IF(Changed!$K114<Base!$K114," ↓",""))} -> 40 | L114: {=INDEX(Changed!$L:$L,ROW())&IF(Changed!$L114>Base!$L114,"↑",IF(Changed!$L114<Base!$L114," ↓",""))} -> 50 | M114: {=INDEX(Changed!$M:$M,ROW())&IF(Changed!$M114>Base!$M114,"↑",IF(Changed!$M114<Base!$M114," ↓",""))} -> 35 | N114: =Changed!G114-Base!G114 -> 0
A115: 114 | B115: Marowak | C115: =IF(Changed!C115<>"", Changed!C115, "") -> Ground | D115: =IF(Changed!D115<>"", Changed!D115, "") | E115: =IF(Changed!E115<>"", Changed!E115, "") -> Rock Head | F115: =IF(Changed!F115<>"", Changed!F115, "") -> Lightning Rod | G115: {=INDEX(Changed!$G:$G,ROW())&IF(Changed!$G115>Base!$G115,"↑",IF(Changed!$G115<Base!$G115," ↓",""))} -> 425 | H115: {=INDEX(Changed!$H:$H,ROW())&IF(Changed!$H115>Base!$H115,"↑",IF(Changed!$H115<Base!$H115," ↓",""))} -> 60 | I115: {=INDEX(Changed!$I:$I,ROW())&IF(Changed!$I115>Base!$I115,"↑",IF(Changed!$I115<Base!$I115," ↓",""))} -> 80 | J115: {=INDEX(Changed!$J:$J,ROW())&IF(Changed!$J115>Base!$J115,"↑",IF(Changed!$J115<Base!$J115," ↓",""))} -> 110 | K115: {=INDEX(Changed!$K:$K,ROW())&IF(Changed!$K115>Base!$K115,"↑",IF(Changed!$K115<Base!$K115," ↓",""))} -> 50 | L115: {=INDEX(Changed!$L:$L,ROW())&IF(Changed!$L115>Base!$L115,"↑",IF(Changed!$L115<Base!$L115," ↓",""))} -> 80 | M115: {=INDEX(Changed!$M:$M,ROW())&IF(Changed!$M115>Base!$M115,"↑",IF(Changed!$M115<Base!$M115," ↓",""))} -> 45 | N115: =Changed!G115-Base!G115 -> 0
A116: 115 | B116: Tyrogue | C116: =IF(Changed!C116<>"", Changed!C116, "") -> Fighting | D116: =IF(Changed!D116<>"", Changed!D116, "") | E116: =IF(Changed!E116<>"", Changed!E116, "") -> Guts | F116: =IF(Changed!F116<>"", Changed!F116, "") -> Steadfast | G116: {=INDEX(Changed!$G:$G,ROW())&IF(Changed!$G116>Base!$G116,"↑",IF(Changed!$G116<Base!$G116," ↓",""))} -> 210 | H116: {=INDEX(Changed!$H:$H,ROW())&IF(Changed!$H116>Base!$H116,"↑",IF(Changed!$H116<Base!$H116," ↓",""))} -> 35 | I116: {=INDEX(Changed!$I:$I,ROW())&IF(Changed!$I116>Base!$I116,"↑",IF(Changed!$I116<Base!$I116," ↓",""))} -> 35 | J116: {=INDEX(Changed!$J:$J,ROW())&IF(Changed!$J116>Base!$J116,"↑",IF(Changed!$J116<Base!$J116," ↓",""))} -> 35 | K116: {=INDEX(Changed!$K:$K,ROW())&IF(Changed!$K116>Base!$K116,"↑",IF(Changed!$K116<Base!$K116," ↓",""))} -> 35 | L116: {=INDEX(Changed!$L:$L,ROW())&IF(Changed!$L116>Base!$L116,"↑",IF(Changed!$L116<Base!$L116," ↓",""))} -> 35 | M116: {=INDEX(Changed!$M:$M,ROW())&IF(Changed!$M116>Base!$M116,"↑",IF(Changed!$M116<Base!$M116," ↓",""))} -> 35 | N116: =Changed!G116-Base!G116 -> 0
A117: 116 | B117: Hitmonlee | C117: =IF(Changed!C117<>"", Changed!C117, "") -> Fighting | D117: =IF(Changed!D117<>"", Changed!D117, "") -> Ice | E117: =IF(Changed!E117<>"", Changed!E117, "") -> Reckless | F117: =IF(Changed!F117<>"", Changed!F117, "") -> Lethal Legs | G117: {=INDEX(Changed!$G:$G,ROW())&IF(Changed!$G117>Base!$G117,"↑",IF(Changed!$G117<Base!$G117," ↓",""))} -> 455 | H117: {=INDEX(Changed!$H:$H,ROW())&IF(Changed!$H117>Base!$H117,"↑",IF(Changed!$H117<Base!$H117," ↓",""))} -> 50 | I117: {=INDEX(Changed!$I:$I,ROW())&IF(Changed!$I117>Base!$I117,"↑",IF(Changed!$I117<Base!$I117," ↓",""))} -> 120 | J117: {=INDEX(Changed!$J:$J,ROW())&IF(Changed!$J117>Base!$J117,"↑",IF(Changed!$J117<Base!$J117," ↓",""))} -> 53 | K117: {=INDEX(Changed!$K:$K,ROW())&IF(Changed!$K117>Base!$K117,"↑",IF(Changed!$K117<Base!$K117," ↓",""))} -> 35 | L117: {=INDEX(Changed!$L:$L,ROW())&IF(Changed!$L117>Base!$L117,"↑",IF(Changed!$L117<Base!$L117," ↓",""))} -> 110 | M117: {=INDEX(Changed!$M:$M,ROW())&IF(Changed!$M117>Base!$M117,"↑",IF(Changed!$M117<Base!$M117," ↓",""))} -> 87 | N117: =Changed!G117-Base!G117 -> 0
... A176: 175 | B176: Spearow | C176: =IF(Changed!C176<>"", Changed!C176, "") -> Normal | D176: =IF(Changed!D176<>"", Changed!D176, "") -> Flying | E176: =IF(Changed!E176<>"", Changed!E176, "") -> Keen Eye | F176: =IF(Changed!F176<>"", Changed!F176, "") -> Sniper | G176: {=INDEX(Changed!$G:$G,ROW())&IF(Changed!$G176>Base!$G176,"↑",IF(Changed!$G176<Base!$G176," ↓",""))} -> 262 | H176: {=INDEX(Changed!$H:$H,ROW())&IF(Changed!$H176>Base!$H176,"↑",IF(Changed!$H176<Base!$H176," ↓",""))} -> 40 | I176: {=INDEX(Changed!$I:$I,ROW())&IF(Changed!$I176>Base!$I176,"↑",IF(Changed!$I176<Base!$I176," ↓",""))} -> 60 | J176: {=INDEX(Changed!$J:$J,ROW())&IF(Changed!$J176>Base!$J176,"↑",IF(Changed!$J176<Base!$J176," ↓",""))} -> 30 | K176: {=INDEX(Changed!$K:$K,ROW())&IF(Changed!$K176>Base!$K176,"↑",IF(Changed!$K176<Base!$K176," ↓",""))} -> 31 | L176: {=INDEX(Changed!$L:$L,ROW())&IF(Changed!$L176>Base!$L176,"↑",IF(Changed!$L176<Base!$L176," ↓",""))} -> 31 | M176: {=INDEX(Changed!$M:$M,ROW())&IF(Changed!$M176>Base!$M176,"↑",IF(Changed!$M176<Base!$M176," ↓",""))} -> 70 | N176: =Changed!G176-Base!G176 -> 0
A177: 176 | B177: Fearow | C177: =IF(Changed!C177<>"", Changed!C177, "") -> Normal | D177: =IF(Changed!D177<>"", Changed!D177, "") -> Flying | E177: =IF(Changed!E177<>"", Changed!E177, "") -> Keen Eye | F177: =IF(Changed!F177<>"", Changed!F177, "") -> Sniper | G177: {=INDEX(Changed!$G:$G,ROW())&IF(Changed!$G177>Base!$G177,"↑",IF(Changed!$G177<Base!$G177," ↓",""))} -> 442 | H177: {=INDEX(Changed!$H:$H,ROW())&IF(Changed!$H177>Base!$H177,"↑",IF(Changed!$H177<Base!$H177," ↓",""))} -> 65 | I177: {=INDEX(Changed!$I:$I,ROW())&IF(Changed!$I177>Base!$I177,"↑",IF(Changed!$I177<Base!$I177," ↓",""))} -> 90 | J177: {=INDEX(Changed!$J:$J,ROW())&IF(Changed!$J177>Base!$J177,"↑",IF(Changed!$J177<Base!$J177," ↓",""))} -> 65 | K177: {=INDEX(Changed!$K:$K,ROW())&IF(Changed!$K177>Base!$K177,"↑",IF(Changed!$K177<Base!$K177," ↓",""))} -> 61 | L177: {=INDEX(Changed!$L:$L,ROW())&IF(Changed!$L177>Base!$L177,"↑",IF(Changed!$L177<Base!$L177," ↓",""))} -> 61 | M177: {=INDEX(Changed!$M:$M,ROW())&IF(Changed!$M177>Base!$M177,"↑",IF(Changed!$M177<Base!$M177," ↓",""))} -> 100 | N177: =Changed!G177-Base!G177 -> 0 | O177: trainer recently discovered elemental stone evolves the fearow
A178: 177 | B178: Articuno | C178: =IF(Changed!C178<>"", Changed!C178, "") -> Ice | D178: =IF(Changed!D178<>"", Changed!D178, "") -> Flying | E178: =IF(Changed!E178<>"", Changed!E178, "") -> Snow Warning | F178: =IF(Changed!F178<>"", Changed!F178, "") -> Filter | G178: {=INDEX(Changed!$G:$G,ROW())&IF(Changed!$G178>Base!$G178,"↑",IF(Changed!$G178<Base!$G178," ↓",""))} -> 580 | H178: {=INDEX(Changed!$H:$H,ROW())&IF(Changed!$H178>Base!$H178,"↑",IF(Changed!$H178<Base!$H178," ↓",""))} -> 90 | I178: {=INDEX(Changed!$I:$I,ROW())&IF(Changed!$I178>Base!$I178,"↑",IF(Changed!$I178<Base!$I178," ↓",""))} -> 85 | J178: {=INDEX(Changed!$J:$J,ROW())&IF(Changed!$J178>Base!$J178,"↑",IF(Changed!$J178<Base!$J178," ↓",""))} -> 100 | K178: {=INDEX(Changed!$K:$K,ROW())&IF(Changed!$K178>Base!$K178,"↑",IF(Changed!$K178<Base!$K178," ↓",""))} -> 95 | L178: {=INDEX(Changed!$L:$L,ROW())&IF(Changed!$L178>Base!$L178,"↑",IF(Changed!$L178<Base!$L178," ↓",""))} -> 125 | M178: {=INDEX(Changed!$M:$M,ROW())&IF(Changed!$M178>Base!$M178,"↑",IF(Changed!$M178<Base!$M178," ↓",""))} -> 85 | N178: =Changed!G178-Base!G178 -> 0 | O178: "yo how did no one try this before"
A179: 178 | B179: Zapdos | C179: =IF(Changed!C179<>"", Changed!C179, "") -> Electric | D179: =IF(Changed!D179<>"", Changed!D179, "") -> Flying | E179: =IF(Changed!E179<>"", Changed!E179, "") -> Drizzle | F179: =IF(Changed!F179<>"", Changed!F179, "") -> Static | G179: {=INDEX(Changed!$G:$G,ROW())&IF(Changed!$G179>Base!$G179,"↑",IF(Changed!$G179<Base!$G179," ↓",""))} -> 580 | H179: {=INDEX(Changed!$H:$H,ROW())&IF(Changed!$H179>Base!$H179,"↑",IF(Changed!$H179<Base!$H179," ↓",""))} -> 90 | I179: {=INDEX(Changed!$I:$I,ROW())&IF(Changed!$I179>Base!$I179,"↑",IF(Changed!$I179<Base!$I179," ↓",""))} -> 90 | J179: {=INDEX(Changed!$J:$J,ROW())&IF(Changed!$J179>Base!$J179,"↑",IF(Changed!$J179<Base!$J179," ↓",""))} -> 85 | K179: {=INDEX(Changed!$K:$K,ROW())&IF(Changed!$K179>Base!$K179,"↑",IF(Changed!$K179<Base!$K179," ↓",""))} -> 125 | L179: {=INDEX(Changed!$L:$L,ROW())&IF(Changed!$L179>Base!$L179,"↑",IF(Changed!$L179<Base!$L179," ↓",""))} -> 90 | M179: {=INDEX(Changed!$M:$M,ROW())&IF(Changed!$M179>Base!$M179,"↑",IF(Changed!$M179<Base!$M179," ↓",""))} -> 100 | N179: =Changed!G179-Base!G179 -> 0
A180: 179 | B180: Moltres | C180: =IF(Changed!C180<>"", Changed!C180, "") -> Fire | D180: =IF(Changed!D180<>"", Changed!D180, "") -> Flying | E180: =IF(Changed!E180<>"", Changed!E180, "") -> Drought | F180: =IF(Changed!F180<>"", Changed!F180, "") -> Solar Power | G180: {=INDEX(Changed!$G:$G,ROW())&IF(Changed!$G180>Base!$G180,"↑",IF(Changed!$G180<Base!$G180," ↓",""))} -> 580 | H180: {=INDEX(Changed!$H:$H,ROW())&IF(Changed!$H180>Base!$H180,"↑",IF(Changed!$H180<Base!$H180," ↓",""))} -> 90 | I180: {=INDEX(Changed!$I:$I,ROW())&IF(Changed!$I180>Base!$I180,"↑",IF(Changed!$I180<Base!$I180," ↓",""))} -> 100 | J180: {=INDEX(Changed!$J:$J,ROW())&IF(Changed!$J180>Base!$J180,"↑",IF(Changed!$J180<Base!$J180," ↓",""))} -> 90 | K180: {=INDEX(Changed!$K:$K,ROW())&IF(Changed!$K180>Base!$K180,"↑",IF(Changed!$K180<Base!$K180," ↓",""))} -> 125 | L180: {=INDEX(Changed!$L:$L,ROW())&IF(Changed!$L180>Base!$L180,"↑",IF(Changed!$L180<Base!$L180," ↓",""))} -> 85 | M180: {=INDEX(Changed!$M:$M,ROW())&IF(Changed!$M180>Base!$M180,"↑",IF(Changed!$M180<Base!$M180," ↓",""))} -> 90 | N180: =Changed!G180-Base!G180 -> 0
A181: 180 | B181: Aerodactyl | C181: =IF(Changed!C181<>"", Changed!C181, "") -> Rock | D181: =IF(Changed!D181<>"", Changed!D181, "") -> Flying | E181: =IF(Changed!E181<>"", Changed!E181, "") -> Rock Head | F181: =IF(Changed!F181<>"", Changed!F181, "") -> Pressure | G181: {=INDEX(Changed!$G:$G,ROW())&IF(Changed!$G181>Base!$G181,"↑",IF(Changed!$G181<Base!$G181," ↓",""))} -> 515 | H181: {=INDEX(Changed!$H:$H,ROW())&IF(Changed!$H181>Base!$H181,"↑",IF(Changed!$H181<Base!$H181," ↓",""))} -> 80 | I181: {=INDEX(Changed!$I:$I,ROW())&IF(Changed!$I181>Base!$I181,"↑",IF(Changed!$I181<Base!$I181," ↓",""))} -> 105 | J181: {=INDEX(Changed!$J:$J,ROW())&IF(Changed!$J181>Base!$J181,"↑",IF(Changed!$J181<Base!$J181," ↓",""))} -> 65 | K181: {=INDEX(Changed!$K:$K,ROW())&IF(Changed!$K181>Base!$K181,"↑",IF(Changed!$K181<Base!$K181," ↓",""))} -> 60 | L181: {=INDEX(Changed!$L:$L,ROW())&IF(Changed!$L181>Base!$L181,"↑",IF(Changed!$L181<Base!$L181," ↓",""))} -> 75 | M181: {=INDEX(Changed!$M:$M,ROW())&IF(Changed!$M181>Base!$M181,"↑",IF(Changed!$M181<Base!$M181," ↓",""))} -> 130 | N181: =Changed!G181-Base!G181 -> 0
A182: 181 | B182: Skarmory | C182: =IF(Changed!C182<>"", Changed!C182, "") -> Steel | D182: =IF(Changed!D182<>"", Changed!D182, "") -> Flying | E182: =IF(Changed!E182<>"", Changed!E182, "") -> Keen Eye | F182: =IF(Changed!F182<>"", Changed!F182, "") -> Sturdy | G182: {=INDEX(Changed!$G:$G,ROW())&IF(Changed!$G182>Base!$G182,"↑",IF(Changed!$G182<Base!$G182," ↓",""))} -> 465 | H182: {=INDEX(Changed!$H:$H,ROW())&IF(Changed!$H182>Base!$H182,"↑",IF(Changed!$H182<Base!$H182," ↓",""))} -> 65 | I182: {=INDEX(Changed!$I:$I,ROW())&IF(Changed!$I182>Base!$I182,"↑",IF(Changed!$I182<Base!$I182," ↓",""))} -> 80 | J182: {=INDEX(Changed!$J:$J,ROW())&IF(Changed!$J182>Base!$J182,"↑",IF(Changed!$J182<Base!$J182," ↓",""))} -> 140 | K182: {=INDEX(Changed!$K:$K,ROW())&IF(Changed!$K182>Base!$K182,"↑",IF(Changed!$K182<Base!$K182," ↓",""))} -> 40 | L182: {=INDEX(Changed!$L:$L,ROW())&IF(Changed!$L182>Base!$L182,"↑",IF(Changed!$L182<Base!$L182," ↓",""))} -> 70 | M182: {=INDEX(Changed!$M:$M,ROW())&IF(Changed!$M182>Base!$M182,"↑",IF(Changed!$M182<Base!$M182," ↓",""))} -> 70 | N182: =Changed!G182-Base!G182 -> 0
A183: 182 | B183: Dratini | C183: =IF(Changed!C183<>"", Changed!C183, "") -> Dragon | D183: =IF(Changed!D183<>"", Changed!D183, "") | E183: =IF(Changed!E183<>"", Changed!E183, "") -> Shed Skin | F183: =IF(Changed!F183<>"", Changed!F183, "") -> Multiscale | G183: {=INDEX(Changed!$G:$G,ROW())&IF(Changed!$G183>Base!$G183,"↑",IF(Changed!$G183<Base!$G183," ↓",""))} -> 300 | H183: {=INDEX(Changed!$H:$H,ROW())&IF(Changed!$H183>Base!$H183,"↑",IF(Changed!$H183<Base!$H183," ↓",""))} -> 41 | I183: {=INDEX(Changed!$I:$I,ROW())&IF(Changed!$I183>Base!$I183,"↑",IF(Changed!$I183<Base!$I183," ↓",""))} -> 64 | J183: {=INDEX(Changed!$J:$J,ROW())&IF(Changed!$J183>Base!$J183,"↑",IF(Changed!$J183<Base!$J183," ↓",""))} -> 45 | K183: {=INDEX(Changed!$K:$K,ROW())&IF(Changed!$K183>Base!$K183,"↑",IF(Changed!$K183<Base!$K183," ↓",""))} -> 50 | L183: {=INDEX(Changed!$L:$L,ROW())&IF(Changed!$L183>Base!$L183,"↑",IF(Changed!$L183<Base!$L183," ↓",""))} -> 50 | M183: {=INDEX(Changed!$M:$M,ROW())&IF(Changed!$M183>Base!$M183,"↑",IF(Changed!$M183<Base!$M183," ↓",""))} -> 50 | N183: =Changed!G183-Base!G183 -> 0
A184: 183 | B184: Dragonair | C184: =IF(Changed!C184<>"", Changed!C184, "") -> Dragon | D184: =IF(Changed!D184<>"", Changed!D184, "") | E184: =IF(Changed!E184<>"", Changed!E184, "") -> Shed Skin | F184: =IF(Changed!F184<>"", Changed!F184, "") -> Multiscale | G184: {=INDEX(Changed!$G:$G,ROW())&IF(Changed!$G184>Base!$G184,"↑",IF(Changed!$G184<Base!$G184," ↓",""))} -> 420 | H184: {=INDEX(Changed!$H:$H,ROW())&IF(Changed!$H184>Base!$H184,"↑",IF(Changed!$H184<Base!$H184," ↓",""))} -> 61 | I184: {=INDEX(Changed!$I:$I,ROW())&IF(Changed!$I184>Base!$I184,"↑",IF(Changed!$I184<Base!$I184," ↓",""))} -> 84 | J184: {=INDEX(Changed!$J:$J,ROW())&IF(Changed!$J184>Base!$J184,"↑",IF(Changed!$J184<Base!$J184," ↓",""))} -> 65 | K184: {=INDEX(Changed!$K:$K,ROW())&IF(Changed!$K184>Base!$K184,"↑",IF(Changed!$K184<Base!$K184," ↓",""))} -> 70 | L184: {=INDEX(Changed!$L:$L,ROW())&IF(Changed!$L184>Base!$L184,"↑",IF(Changed!$L184<Base!$L184," ↓",""))} -> 70 | M184: {=INDEX(Changed!$M:$M,ROW())&IF(Changed!$M184>Base!$M184,"↑",IF(Changed!$M184<Base!$M184," ↓",""))} -> 70 | N184: =Changed!G184-Base!G184 -> 0
A185: 184 | B185: Dragonite | C185: =IF(Changed!C185<>"", Changed!C185, "") -> Dragon | D185: =IF(Changed!D185<>"", Changed!D185, "") | E185: =IF(Changed!E185<>"", Changed!E185, "") -> Inner Focus | F185: =IF(Changed!F185<>"", Changed!F185, "") -> Multiscale | G185: {=INDEX(Changed!$G:$G,ROW())&IF(Changed!$G185>Base!$G185,"↑",IF(Changed!$G185<Base!$G185," ↓",""))} -> 590 ↓ | H185: {=INDEX(Changed!$H:$H,ROW())&IF(Changed!$H185>Base!$H185,"↑",IF(Changed!$H185<Base!$H185," ↓",""))} -> 91 | I185: {=INDEX(Changed!$I:$I,ROW())&IF(Changed!$I185>Base!$I185,"↑",IF(Changed!$I185<Base!$I185," ↓",""))} -> 124 ↓ | J185: {=INDEX(Changed!$J:$J,ROW())&IF(Changed!$J185>Base!$J185,"↑",IF(Changed!$J185<Base!$J185," ↓",""))} -> 95 | K185: {=INDEX(Changed!$K:$K,ROW())&IF(Changed!$K185>Base!$K185,"↑",IF(Changed!$K185<Base!$K185," ↓",""))} -> 100 | L185: {=INDEX(Changed!$L:$L,ROW())&IF(Changed!$L185>Base!$L185,"↑",IF(Changed!$L185<Base!$L185," ↓",""))} -> 100 | M185: {=INDEX(Changed!$M:$M,ROW())&IF(Changed!$M185>Base!$M185,"↑",IF(Changed!$M185<Base!$M185," ↓",""))} -> 80 | N185: =Changed!G185-Base!G185 -> -10
A186: 185 | B186: Mewtwo | C186: =IF(Changed!C186<>"", Changed!C186, "") -> Psychic | D186: =IF(Changed!D186<>"", Changed!D186, "") | E186: =IF(Changed!E186<>"", Changed!E186, "") -> Beast Boost | F186: =IF(Changed!F186<>"", Changed!F186, "") -> Download | G186: {=INDEX(Changed!$G:$G,ROW())&IF(Changed!$G186>Base!$G186,"↑",IF(Changed!$G186<Base!$G186," ↓",""))} -> 680 | H186: {=INDEX(Changed!$H:$H,ROW())&IF(Changed!$H186>Base!$H186,"↑",IF(Changed!$H186<Base!$H186," ↓",""))} -> 106 | I186: {=INDEX(Changed!$I:$I,ROW())&IF(Changed!$I186>Base!$I186,"↑",IF(Changed!$I186<Base!$I186," ↓",""))} -> 110 | J186: {=INDEX(Changed!$J:$J,ROW())&IF(Changed!$J186>Base!$J186,"↑",IF(Changed!$J186<Base!$J186," ↓",""))} -> 90 | K186: {=INDEX(Changed!$K:$K,ROW())&IF(Changed!$K186>Base!$K186,"↑",IF(Changed!$K186<Base!$K186," ↓",""))} -> 154 | L186: {=INDEX(Changed!$L:$L,ROW())&IF(Changed!$L186>Base!$L186,"↑",IF(Changed!$L186<Base!$L186," ↓",""))} -> 90 | M186: {=INDEX(Changed!$M:$M,ROW())&IF(Changed!$M186>Base!$M186,"↑",IF(Changed!$M186<Base!$M186," ↓",""))} -> 130 | N186: =Changed!G186-Base!G186 -> 0
A187: 186 | B187: Mew | C187: =IF(Changed!C187<>"", Changed!C187, "") -> Psychic | D187: =IF(Changed!D187<>"", Changed!D187, "") | E187: =IF(Changed!E187<>"", Changed!E187, "") -> Synchronize | F187: =IF(Changed!F187<>"", Changed!F187, "") | G187: {=INDEX(Changed!$G:$G,ROW())&IF(Changed!$G187>Base!$G187,"↑",IF(Changed!$G187<Base!$G187," ↓",""))} -> 600 | H187: {=INDEX(Changed!$H:$H,ROW())&IF(Changed!$H187>Base!$H187,"↑",IF(Changed!$H187<Base!$H187," ↓",""))} -> 100 | I187: {=INDEX(Changed!$I:$I,ROW())&IF(Changed!$I187>Base!$I187,"↑",IF(Changed!$I187<Base!$I187," ↓",""))} -> 100 | J187: {=INDEX(Changed!$J:$J,ROW())&IF(Changed!$J187>Base!$J187,"↑",IF(Changed!$J187<Base!$J187," ↓",""))} -> 100 | K187: {=INDEX(Changed!$K:$K,ROW())&IF(Changed!$K187>Base!$K187,"↑",IF(Changed!$K187<Base!$K187," ↓",""))} -> 100 | L187: {=INDEX(Changed!$L:$L,ROW())&IF(Changed!$L187>Base!$L187,"↑",IF(Changed!$L187<Base!$L187," ↓",""))} -> 100 | M187: {=INDEX(Changed!$M:$M,ROW())&IF(Changed!$M187>Base!$M187,"↑",IF(Changed!$M187<Base!$M187," ↓",""))} -> 100 | N187: =Changed!G187-Base!G187 -> 0
A188: 187 | B188: Chikorita | C188: =IF(Changed!C188<>"", Changed!C188, "") -> Grass | D188: =IF(Changed!D188<>"", Changed!D188, "") | E188: =IF(Changed!E188<>"", Changed!E188, "") -> Overgrow | F188: =IF(Changed!F188<>"", Changed!F188, "") -> Filter | G188: {=INDEX(Changed!$G:$G,ROW())&IF(Changed!$G188>Base!$G188,"↑",IF(Changed!$G188<Base!$G188," ↓",""))} -> 318 | H188: {=INDEX(Changed!$H:$H,ROW())&IF(Changed!$H188>Base!$H188,"↑",IF(Changed!$H188<Base!$H188," ↓",""))} -> 45 | I188: {=INDEX(Changed!$I:$I,ROW())&IF(Changed!$I188>Base!$I188,"↑",IF(Changed!$I188<Base!$I188," ↓",""))} -> 49 | J188: {=INDEX(Changed!$J:$J,ROW())&IF(Changed!$J188>Base!$J188,"↑",IF(Changed!$J188<Base!$J188," ↓",""))} -> 65 | K188: {=INDEX(Changed!$K:$K,ROW())&IF(Changed!$K188>Base!$K188,"↑",IF(Changed!$K188<Base!$K188," ↓",""))} -> 49 | L188: {=INDEX(Changed!$L:$L,ROW())&IF(Changed!$L188>Base!$L188,"↑",IF(Changed!$L188<Base!$L188," ↓",""))} -> 65 | M188: {=INDEX(Changed!$M:$M,ROW())&IF(Changed!$M188>Base!$M188,"↑",IF(Changed!$M188<Base!$M188," ↓",""))} -> 45 | N188: =Changed!G188-Base!G188 -> 0
A189: 188 | B189: Bayleef | C189: =IF(Changed!C189<>"", Changed!C189, "") -> Grass | D189: =IF(Changed!D189<>"", Changed!D189, "") | E189: =IF(Changed!E189<>"", Changed!E189, "") -> Overgrow | F189: =IF(Changed!F189<>"", Changed!F189, "") -> Filter | G189: {=INDEX(Changed!$G:$G,ROW())&IF(Changed!$G189>Base!$G189,"↑",IF(Changed!$G189<Base!$G189," ↓",""))} -> 405 | H189: {=INDEX(Changed!$H:$H,ROW())&IF(Changed!$H189>Base!$H189,"↑",IF(Changed!$H189<Base!$H189," ↓",""))} -> 60 | I189: {=INDEX(Changed!$I:$I,ROW())&IF(Changed!$I189>Base!$I189,"↑",IF(Changed!$I189<Base!$I189," ↓",""))} -> 62 | J189: {=INDEX(Changed!$J:$J,ROW())&IF(Changed!$J189>Base!$J189,"↑",IF(Changed!$J189<Base!$J189," ↓",""))} -> 80 | K189: {=INDEX(Changed!$K:$K,ROW())&IF(Changed!$K189>Base!$K189,"↑",IF(Changed!$K189<Base!$K189," ↓",""))} -> 63 | L189: {=INDEX(Changed!$L:$L,ROW())&IF(Changed!$L189>Base!$L189,"↑",IF(Changed!$L189<Base!$L189," ↓",""))} -> 80 | M189: {=INDEX(Changed!$M:$M,ROW())&IF(Changed!$M189>Base!$M189,"↑",IF(Changed!$M189<Base!$M189," ↓",""))} -> 60 | N189: =Changed!G189-Base!G189 -> 0
A190: 189 | B190: Meganium | C190: =IF(Changed!C190<>"", Changed!C190, "") -> Grass | D190: =IF(Changed!D190<>"", Changed!D190, "") | E190: =IF(Changed!E190<>"", Changed!E190, "") -> Overgrow | F190: =IF(Changed!F190<>"", Changed!F190, "") -> Filter | G190: {=INDEX(Changed!$G:$G,ROW())&IF(Changed!$G190>Base!$G190,"↑",IF(Changed!$G190<Base!$G190," ↓",""))} -> 535↑ | H190: {=INDEX(Changed!$H:$H,ROW())&IF(Changed!$H190>Base!$H190,"↑",IF(Changed!$H190<Base!$H190," ↓",""))} -> 80 | I190: {=INDEX(Changed!$I:$I,ROW())&IF(Changed!$I190>Base!$I190,"↑",IF(Changed!$I190<Base!$I190," ↓",""))} -> 92↑ | J190: {=INDEX(Changed!$J:$J,ROW())&IF(Changed!$J190>Base!$J190,"↑",IF(Changed!$J190<Base!$J190," ↓",""))} -> 100 | K190: {=INDEX(Changed!$K:$K,ROW())&IF(Changed!$K190>Base!$K190,"↑",IF(Changed!$K190<Base!$K190," ↓",""))} -> 93↑ | L190: {=INDEX(Changed!$L:$L,ROW())&IF(Changed!$L190>Base!$L190,"↑",IF(Changed!$L190<Base!$L190," ↓",""))} -> 100 | M190: {=INDEX(Changed!$M:$M,ROW())&IF(Changed!$M190>Base!$M190,"↑",IF(Changed!$M190<Base!$M190," ↓",""))} -> 70 ↓ | N190: =Changed!G190-Base!G190 -> 10
... A296: 295 | B296: Mightyena | C296: =IF(Changed!C296<>"", Changed!C296, "") -> Dark | D296: =IF(Changed!D296<>"", Changed!D296, "") | E296: =IF(Changed!E296<>"", Changed!E296, "") -> Intimidate | F296: =IF(Changed!F296<>"", Changed!F296, "") -> Quick Feet | G296: {=INDEX(Changed!$G:$G,ROW())&IF(Changed!$G296>Base!$G296,"↑",IF(Changed!$G296<Base!$G296," ↓",""))} -> 420 | H296: {=INDEX(Changed!$H:$H,ROW())&IF(Changed!$H296>Base!$H296,"↑",IF(Changed!$H296<Base!$H296," ↓",""))} -> 70 | I296: {=INDEX(Changed!$I:$I,ROW())&IF(Changed!$I296>Base!$I296,"↑",IF(Changed!$I296<Base!$I296," ↓",""))} -> 90 | J296: {=INDEX(Changed!$J:$J,ROW())&IF(Changed!$J296>Base!$J296,"↑",IF(Changed!$J296<Base!$J296," ↓",""))} -> 70 | K296: {=INDEX(Changed!$K:$K,ROW())&IF(Changed!$K296>Base!$K296,"↑",IF(Changed!$K296<Base!$K296," ↓",""))} -> 60 | L296: {=INDEX(Changed!$L:$L,ROW())&IF(Changed!$L296>Base!$L296,"↑",IF(Changed!$L296<Base!$L296," ↓",""))} -> 60 | M296: {=INDEX(Changed!$M:$M,ROW())&IF(Changed!$M296>Base!$M296,"↑",IF(Changed!$M296<Base!$M296," ↓",""))} -> 70 | N296: =Changed!G296-Base!G296 -> 0
A297: 296 | B297: Zigzagoon | C297: =IF(Changed!C297<>"", Changed!C297, "") -> Normal | E297: =IF(Changed!E297<>"", Changed!E297, "") -> Pickup | F297: =IF(Changed!F297<>"", Changed!F297, "") -> Gluttony | G297: {=INDEX(Changed!$G:$G,ROW())&IF(Changed!$G297>Base!$G297,"↑",IF(Changed!$G297<Base!$G297," ↓",""))} -> 240 | H297: {=INDEX(Changed!$H:$H,ROW())&IF(Changed!$H297>Base!$H297,"↑",IF(Changed!$H297<Base!$H297," ↓",""))} -> 38 | I297: {=INDEX(Changed!$I:$I,ROW())&IF(Changed!$I297>Base!$I297,"↑",IF(Changed!$I297<Base!$I297," ↓",""))} -> 30 | J297: {=INDEX(Changed!$J:$J,ROW())&IF(Changed!$J297>Base!$J297,"↑",IF(Changed!$J297<Base!$J297," ↓",""))} -> 41 | K297: {=INDEX(Changed!$K:$K,ROW())&IF(Changed!$K297>Base!$K297,"↑",IF(Changed!$K297<Base!$K297," ↓",""))} -> 30 | L297: {=INDEX(Changed!$L:$L,ROW())&IF(Changed!$L297>Base!$L297,"↑",IF(Changed!$L297<Base!$L297," ↓",""))} -> 41 | M297: {=INDEX(Changed!$M:$M,ROW())&IF(Changed!$M297>Base!$M297,"↑",IF(Changed!$M297<Base!$M297," ↓",""))} -> 60 | N297: =Changed!G297-Base!G297 -> 0
A298: 297 | B298: Linoone | C298: =IF(Changed!C298<>"", Changed!C298, "") -> Normal | E298: =IF(Changed!E298<>"", Changed!E298, "") -> Pickup | F298: =IF(Changed!F298<>"", Changed!F298, "") -> Gluttony | G298: {=INDEX(Changed!$G:$G,ROW())&IF(Changed!$G298>Base!$G298,"↑",IF(Changed!$G298<Base!$G298," ↓",""))} -> 420 | H298: {=INDEX(Changed!$H:$H,ROW())&IF(Changed!$H298>Base!$H298,"↑",IF(Changed!$H298<Base!$H298," ↓",""))} -> 78 | I298: {=INDEX(Changed!$I:$I,ROW())&IF(Changed!$I298>Base!$I298,"↑",IF(Changed!$I298<Base!$I298," ↓",""))} -> 70 | J298: {=INDEX(Changed!$J:$J,ROW())&IF(Changed!$J298>Base!$J298,"↑",IF(Changed!$J298<Base!$J298," ↓",""))} -> 61 | K298: {=INDEX(Changed!$K:$K,ROW())&IF(Changed!$K298>Base!$K298,"↑",IF(Changed!$K298<Base!$K298," ↓",""))} -> 50 | L298: {=INDEX(Changed!$L:$L,ROW())&IF(Changed!$L298>Base!$L298,"↑",IF(Changed!$L298<Base!$L298," ↓",""))} -> 61 | M298: {=INDEX(Changed!$M:$M,ROW())&IF(Changed!$M298>Base!$M298,"↑",IF(Changed!$M298<Base!$M298," ↓",""))} -> 100 | N298: =Changed!G298-Base!G298 -> 0
A299: 298 | B299: Obstagoon | C299: =IF(Changed!C299<>"", Changed!C299, "") -> Normal | D299: =IF(Changed!D299<>"", Changed!D299, "") -> Dark | E299: =IF(Changed!E299<>"", Changed!E299, "") -> Reckless | F299: =IF(Changed!F299<>"", Changed!F299, "") -> Punk Rock | G299: {=INDEX(Changed!$G:$G,ROW())&IF(Changed!$G299>Base!$G299,"↑",IF(Changed!$G299<Base!$G299," ↓",""))} -> 520 | H299: {=INDEX(Changed!$H:$H,ROW())&IF(Changed!$H299>Base!$H299,"↑",IF(Changed!$H299<Base!$H299," ↓",""))} -> 93 | I299: {=INDEX(Changed!$I:$I,ROW())&IF(Changed!$I299>Base!$I299,"↑",IF(Changed!$I299<Base!$I299," ↓",""))} -> 90 | J299: {=INDEX(Changed!$J:$J,ROW())&IF(Changed!$J299>Base!$J299,"↑",IF(Changed!$J299<Base!$J299," ↓",""))} -> 101 | K299: {=INDEX(Changed!$K:$K,ROW())&IF(Changed!$K299>Base!$K299,"↑",IF(Changed!$K299<Base!$K299," ↓",""))} -> 60 | L299: {=INDEX(Changed!$L:$L,ROW())&IF(Changed!$L299>Base!$L299,"↑",IF(Changed!$L299<Base!$L299," ↓",""))} -> 81 | M299: {=INDEX(Changed!$M:$M,ROW())&IF(Changed!$M299>Base!$M299,"↑",IF(Changed!$M299<Base!$M299," ↓",""))} -> 95 | N299: =Changed!G299-Base!G299 -> 0
A300: 299 | B300: Wurmple | C300: =IF(Changed!C300<>"", Changed!C300, "") -> Bug | D300: =IF(Changed!D300<>"", Changed!D300, "") | E300: =IF(Changed!E300<>"", Changed!E300, "") -> Shield Dust | F300: =IF(Changed!F300<>"", Changed!F300, "") | G300: {=INDEX(Changed!$G:$G,ROW())&IF(Changed!$G300>Base!$G300,"↑",IF(Changed!$G300<Base!$G300," ↓",""))} -> 195 | H300: {=INDEX(Changed!$H:$H,ROW())&IF(Changed!$H300>Base!$H300,"↑",IF(Changed!$H300<Base!$H300," ↓",""))} -> 45 | I300: {=INDEX(Changed!$I:$I,ROW())&IF(Changed!$I300>Base!$I300,"↑",IF(Changed!$I300<Base!$I300," ↓",""))} -> 45 | J300: {=INDEX(Changed!$J:$J,ROW())&IF(Changed!$J300>Base!$J300,"↑",IF(Changed!$J300<Base!$J300," ↓",""))} -> 35 | K300: {=INDEX(Changed!$K:$K,ROW())&IF(Changed!$K300>Base!$K300,"↑",IF(Changed!$K300<Base!$K300," ↓",""))} -> 20 | L300: {=INDEX(Changed!$L:$L,ROW())&IF(Changed!$L300>Base!$L300,"↑",IF(Changed!$L300<Base!$L300," ↓",""))} -> 30 | M300: {=INDEX(Changed!$M:$M,ROW())&IF(Changed!$M300>Base!$M300,"↑",IF(Changed!$M300<Base!$M300," ↓",""))} -> 20 | N300: =Changed!G300-Base!G300 -> 0
A301: 300 | B301: Silcoon | C301: =IF(Changed!C301<>"", Changed!C301, "") -> Bug | D301: =IF(Changed!D301<>"", Changed!D301, "") | E301: =IF(Changed!E301<>"", Changed!E301, "") -> Shed Skin | F301: =IF(Changed!F301<>"", Changed!F301, "") | G301: {=INDEX(Changed!$G:$G,ROW())&IF(Changed!$G301>Base!$G301,"↑",IF(Changed!$G301<Base!$G301," ↓",""))} -> 205 | H301: {=INDEX(Changed!$H:$H,ROW())&IF(Changed!$H301>Base!$H301,"↑",IF(Changed!$H301<Base!$H301," ↓",""))} -> 50 | I301: {=INDEX(Changed!$I:$I,ROW())&IF(Changed!$I301>Base!$I301,"↑",IF(Changed!$I301<Base!$I301," ↓",""))} -> 35 | J301: {=INDEX(Changed!$J:$J,ROW())&IF(Changed!$J301>Base!$J301,"↑",IF(Changed!$J301<Base!$J301," ↓",""))} -> 55 | K301: {=INDEX(Changed!$K:$K,ROW())&IF(Changed!$K301>Base!$K301,"↑",IF(Changed!$K301<Base!$K301," ↓",""))} -> 25 | L301: {=INDEX(Changed!$L:$L,ROW())&IF(Changed!$L301>Base!$L301,"↑",IF(Changed!$L301<Base!$L301," ↓",""))} -> 25 | M301: {=INDEX(Changed!$M:$M,ROW())&IF(Changed!$M301>Base!$M301,"↑",IF(Changed!$M301<Base!$M301," ↓",""))} -> 15 | N301: =Changed!G301-Base!G301 -> 0
A302: 301 | B302: Beautifly | C302: =IF(Changed!C302<>"", Changed!C302, "") -> Bug | D302: =IF(Changed!D302<>"", Changed!D302, "") -> Flying | E302: =IF(Changed!E302<>"", Changed!E302, "") -> Swarm | F302: =IF(Changed!F302<>"", Changed!F302, "") | G302: {=INDEX(Changed!$G:$G,ROW())&IF(Changed!$G302>Base!$G302,"↑",IF(Changed!$G302<Base!$G302," ↓",""))} -> 385 | H302: {=INDEX(Changed!$H:$H,ROW())&IF(Changed!$H302>Base!$H302,"↑",IF(Changed!$H302<Base!$H302," ↓",""))} -> 60 | I302: {=INDEX(Changed!$I:$I,ROW())&IF(Changed!$I302>Base!$I302,"↑",IF(Changed!$I302<Base!$I302," ↓",""))} -> 90↑ | J302: {=INDEX(Changed!$J:$J,ROW())&IF(Changed!$J302>Base!$J302,"↑",IF(Changed!$J302<Base!$J302," ↓",""))} -> 50 | K302: {=INDEX(Changed!$K:$K,ROW())&IF(Changed!$K302>Base!$K302,"↑",IF(Changed!$K302<Base!$K302," ↓",""))} -> 70 ↓ | L302: {=INDEX(Changed!$L:$L,ROW())&IF(Changed!$L302>Base!$L302,"↑",IF(Changed!$L302<Base!$L302," ↓",""))} -> 50 | M302: {=INDEX(Changed!$M:$M,ROW())&IF(Changed!$M302>Base!$M302,"↑",IF(Changed!$M302<Base!$M302," ↓",""))} -> 65 | N302: =Changed!G302-Base!G302 -> 0
A303: 302 | B303: Cascoon | C303: =IF(Changed!C303<>"", Changed!C303, "") -> Bug | D303: =IF(Changed!D303<>"", Changed!D303, "") | E303: =IF(Changed!E303<>"", Changed!E303, "") -> Shed Skin | F303: =IF(Changed!F303<>"", Changed!F303, "") | G303: {=INDEX(Changed!$G:$G,ROW())&IF(Changed!$G303>Base!$G303,"↑",IF(Changed!$G303<Base!$G303," ↓",""))} -> 205 | H303: {=INDEX(Changed!$H:$H,ROW())&IF(Changed!$H303>Base!$H303,"↑",IF(Changed!$H303<Base!$H303," ↓",""))} -> 50 | I303: {=INDEX(Changed!$I:$I,ROW())&IF(Changed!$I303>Base!$I303,"↑",IF(Changed!$I303<Base!$I303," ↓",""))} -> 35 | J303: {=INDEX(Changed!$J:$J,ROW())&IF(Changed!$J303>Base!$J303,"↑",IF(Changed!$J303<Base!$J303," ↓",""))} -> 55 | K303: {=INDEX(Changed!$K:$K,ROW())&IF(Changed!$K303>Base!$K303,"↑",IF(Changed!$K303<Base!$K303," ↓",""))} -> 25 | L303: {=INDEX(Changed!$L:$L,ROW())&IF(Changed!$L303>Base!$L303,"↑",IF(Changed!$L303<Base!$L303," ↓",""))} -> 25 | M303: {=INDEX(Changed!$M:$M,ROW())&IF(Changed!$M303>Base!$M303,"↑",IF(Changed!$M303<Base!$M303," ↓",""))} -> 15 | N303: =Changed!G303-Base!G303 -> 0
A304: 303 | B304: Dustox | C304: =IF(Changed!C304<>"", Changed!C304, "") -> Bug | D304: =IF(Changed!D304<>"", Changed!D304, "") -> Dark | E304: =IF(Changed!E304<>"", Changed!E304, "") -> Shield Dust | F304: =IF(Changed!F304<>"", Changed!F304, "") | G304: {=INDEX(Changed!$G:$G,ROW())&IF(Changed!$G304>Base!$G304,"↑",IF(Changed!$G304<Base!$G304," ↓",""))} -> 385 | H304: {=INDEX(Changed!$H:$H,ROW())&IF(Changed!$H304>Base!$H304,"↑",IF(Changed!$H304<Base!$H304," ↓",""))} -> 60 | I304: {=INDEX(Changed!$I:$I,ROW())&IF(Changed!$I304>Base!$I304,"↑",IF(Changed!$I304<Base!$I304," ↓",""))} -> 50 | J304: {=INDEX(Changed!$J:$J,ROW())&IF(Changed!$J304>Base!$J304,"↑",IF(Changed!$J304<Base!$J304," ↓",""))} -> 70 | K304: {=INDEX(Changed!$K:$K,ROW())&IF(Changed!$K304>Base!$K304,"↑",IF(Changed!$K304<Base!$K304," ↓",""))} -> 50 | L304: {=INDEX(Changed!$L:$L,ROW())&IF(Changed!$L304>Base!$L304,"↑",IF(Changed!$L304<Base!$L304," ↓",""))} -> 90 | M304: {=INDEX(Changed!$M:$M,ROW())&IF(Changed!$M304>Base!$M304,"↑",IF(Changed!$M304<Base!$M304," ↓",""))} -> 65 | N304: =Changed!G304-Base!G304 -> 0
A305: 304 | B305: Lotad | C305: =IF(Changed!C305<>"", Changed!C305, "") -> Water | D305: =IF(Changed!D305<>"", Changed!D305, "") -> Grass | E305: =IF(Changed!E305<>"", Changed!E305, "") -> Swift Swim | F305: =IF(Changed!F305<>"", Changed!F305, "") -> Rain Dish | G305: {=INDEX(Changed!$G:$G,ROW())&IF(Changed!$G305>Base!$G305,"↑",IF(Changed!$G305<Base!$G305," ↓",""))} -> 220 | H305: {=INDEX(Changed!$H:$H,ROW())&IF(Changed!$H305>Base!$H305,"↑",IF(Changed!$H305<Base!$H305," ↓",""))} -> 40 | I305: {=INDEX(Changed!$I:$I,ROW())&IF(Changed!$I305>Base!$I305,"↑",IF(Changed!$I305<Base!$I305," ↓",""))} -> 30 | J305: {=INDEX(Changed!$J:$J,ROW())&IF(Changed!$J305>Base!$J305,"↑",IF(Changed!$J305<Base!$J305," ↓",""))} -> 30 | K305: {=INDEX(Changed!$K:$K,ROW())&IF(Changed!$K305>Base!$K305,"↑",IF(Changed!$K305<Base!$K305," ↓",""))} -> 40 | L305: {=INDEX(Changed!$L:$L,ROW())&IF(Changed!$L305>Base!$L305,"↑",IF(Changed!$L305<Base!$L305," ↓",""))} -> 50 | M305: {=INDEX(Changed!$M:$M,ROW())&IF(Changed!$M305>Base!$M305,"↑",IF(Changed!$M305<Base!$M305," ↓",""))} -> 30 | N305: =Changed!G305-Base!G305 -> 0
A306: 305 | B306: Lombre | C306: =IF(Changed!C306<>"", Changed!C306, "") -> Water | D306: =IF(Changed!D306<>"", Changed!D306, "") -> Grass | E306: =IF(Changed!E306<>"", Changed!E306, "") -> Swift Swim | F306: =IF(Changed!F306<>"", Changed!F306, "") -> Rain Dish | G306: {=INDEX(Changed!$G:$G,ROW())&IF(Changed!$G306>Base!$G306,"↑",IF(Changed!$G306<Base!$G306," ↓",""))} -> 340 | H306: {=INDEX(Changed!$H:$H,ROW())&IF(Changed!$H306>Base!$H306,"↑",IF(Changed!$H306<Base!$H306," ↓",""))} -> 60 | I306: {=INDEX(Changed!$I:$I,ROW())&IF(Changed!$I306>Base!$I306,"↑",IF(Changed!$I306<Base!$I306," ↓",""))} -> 50 | J306: {=INDEX(Changed!$J:$J,ROW())&IF(Changed!$J306>Base!$J306,"↑",IF(Changed!$J306<Base!$J306," ↓",""))} -> 50 | K306: {=INDEX(Changed!$K:$K,ROW())&IF(Changed!$K306>Base!$K306,"↑",IF(Changed!$K306<Base!$K306," ↓",""))} -> 60 | L306: {=INDEX(Changed!$L:$L,ROW())&IF(Changed!$L306>Base!$L306,"↑",IF(Changed!$L306<Base!$L306," ↓",""))} -> 70 | M306: {=INDEX(Changed!$M:$M,ROW())&IF(Changed!$M306>Base!$M306,"↑",IF(Changed!$M306<Base!$M306," ↓",""))} -> 50 | N306: =Changed!G306-Base!G306 -> 0
A307: 306 | B307: Ludicolo | C307: =IF(Changed!C307<>"", Changed!C307, "") -> Water | D307: =IF(Changed!D307<>"", Changed!D307, "") -> Grass | E307: =IF(Changed!E307<>"", Changed!E307, "") -> Swift Swim | F307: =IF(Changed!F307<>"", Changed!F307, "") -> Rain Dish | G307: {=INDEX(Changed!$G:$G,ROW())&IF(Changed!$G307>Base!$G307,"↑",IF(Changed!$G307<Base!$G307," ↓",""))} -> 480 | H307: {=INDEX(Changed!$H:$H,ROW())&IF(Changed!$H307>Base!$H307,"↑",IF(Changed!$H307<Base!$H307," ↓",""))} -> 80 | I307: {=INDEX(Changed!$I:$I,ROW())&IF(Changed!$I307>Base!$I307,"↑",IF(Changed!$I307<Base!$I307," ↓",""))} -> 70 | J307: {=INDEX(Changed!$J:$J,ROW())&IF(Changed!$J307>Base!$J307,"↑",IF(Changed!$J307<Base!$J307," ↓",""))} -> 70 | K307: {=INDEX(Changed!$K:$K,ROW())&IF(Changed!$K307>Base!$K307,"↑",IF(Changed!$K307<Base!$K307," ↓",""))} -> 90 | L307: {=INDEX(Changed!$L:$L,ROW())&IF(Changed!$L307>Base!$L307,"↑",IF(Changed!$L307<Base!$L307," ↓",""))} -> 100 | M307: {=INDEX(Changed!$M:$M,ROW())&IF(Changed!$M307>Base!$M307,"↑",IF(Changed!$M307<Base!$M307," ↓",""))} -> 70 | N307: =Changed!G307-Base!G307 -> 0
A308: 307 | B308: Seedot | C308: =IF(Changed!C308<>"", Changed!C308, "") -> Grass | D308: =IF(Changed!D308<>"", Changed!D308, "") | E308: =IF(Changed!E308<>"", Changed!E308, "") -> Chlorophyll | F308: =IF(Changed!F308<>"", Changed!F308, "") -> Early Bird | G308: {=INDEX(Changed!$G:$G,ROW())&IF(Changed!$G308>Base!$G308,"↑",IF(Changed!$G308<Base!$G308," ↓",""))} -> 220 | H308: {=INDEX(Changed!$H:$H,ROW())&IF(Changed!$H308>Base!$H308,"↑",IF(Changed!$H308<Base!$H308," ↓",""))} -> 40 | I308: {=INDEX(Changed!$I:$I,ROW())&IF(Changed!$I308>Base!$I308,"↑",IF(Changed!$I308<Base!$I308," ↓",""))} -> 40 | J308: {=INDEX(Changed!$J:$J,ROW())&IF(Changed!$J308>Base!$J308,"↑",IF(Changed!$J308<Base!$J308," ↓",""))} -> 50 | K308: {=INDEX(Changed!$K:$K,ROW())&IF(Changed!$K308>Base!$K308,"↑",IF(Changed!$K308<Base!$K308," ↓",""))} -> 30 | L308: {=INDEX(Changed!$L:$L,ROW())&IF(Changed!$L308>Base!$L308,"↑",IF(Changed!$L308<Base!$L308," ↓",""))} -> 30 | M308: {=INDEX(Changed!$M:$M,ROW())&IF(Changed!$M308>Base!$M308,"↑",IF(Changed!$M308<Base!$M308," ↓",""))} -> 30 | N308: =Changed!G308-Base!G308 -> 0
A309: 308 | B309: Nuzleaf | C309: =IF(Changed!C309<>"", Changed!C309, "") -> Grass | D309: =IF(Changed!D309<>"", Changed!D309, "") -> Dark | E309: =IF(Changed!E309<>"", Changed!E309, "") -> Chlorophyll | F309: =IF(Changed!F309<>"", Changed!F309, "") -> Early Bird | G309: {=INDEX(Changed!$G:$G,ROW())&IF(Changed!$G309>Base!$G309,"↑",IF(Changed!$G309<Base!$G309," ↓",""))} -> 340 | H309: {=INDEX(Changed!$H:$H,ROW())&IF(Changed!$H309>Base!$H309,"↑",IF(Changed!$H309<Base!$H309," ↓",""))} -> 70 | I309: {=INDEX(Changed!$I:$I,ROW())&IF(Changed!$I309>Base!$I309,"↑",IF(Changed!$I309<Base!$I309," ↓",""))} -> 70 | J309: {=INDEX(Changed!$J:$J,ROW())&IF(Changed!$J309>Base!$J309,"↑",IF(Changed!$J309<Base!$J309," ↓",""))} -> 40 | K309: {=INDEX(Changed!$K:$K,ROW())&IF(Changed!$K309>Base!$K309,"↑",IF(Changed!$K309<Base!$K309," ↓",""))} -> 60 | L309: {=INDEX(Changed!$L:$L,ROW())&IF(Changed!$L309>Base!$L309,"↑",IF(Changed!$L309<Base!$L309," ↓",""))} -> 40 | M309: {=INDEX(Changed!$M:$M,ROW())&IF(Changed!$M309>Base!$M309,"↑",IF(Changed!$M309<Base!$M309," ↓",""))} -> 60 | N309: =Changed!G309-Base!G309 -> 0
A310: 309 | B310: Shiftry | C310: =IF(Changed!C310<>"", Changed!C310, "") -> Grass | D310: =IF(Changed!D310<>"", Changed!D310, "") -> Dark | E310: =IF(Changed!E310<>"", Changed!E310, "") -> Chlorophyll | F310: =IF(Changed!F310<>"", Changed!F310, "") -> Early Bird | G310: {=INDEX(Changed!$G:$G,ROW())&IF(Changed!$G310>Base!$G310,"↑",IF(Changed!$G310<Base!$G310," ↓",""))} -> 480 | H310: {=INDEX(Changed!$H:$H,ROW())&IF(Changed!$H310>Base!$H310,"↑",IF(Changed!$H310<Base!$H310," ↓",""))} -> 90 | I310: {=INDEX(Changed!$I:$I,ROW())&IF(Changed!$I310>Base!$I310,"↑",IF(Changed!$I310<Base!$I310," ↓",""))} -> 100 | J310: {=INDEX(Changed!$J:$J,ROW())&IF(Changed!$J310>Base!$J310,"↑",IF(Changed!$J310<Base!$J310," ↓",""))} -> 60 | K310: {=INDEX(Changed!$K:$K,ROW())&IF(Changed!$K310>Base!$K310,"↑",IF(Changed!$K310<Base!$K310," ↓",""))} -> 90 | L310: {=INDEX(Changed!$L:$L,ROW())&IF(Changed!$L310>Base!$L310,"↑",IF(Changed!$L310<Base!$L310," ↓",""))} -> 60 | M310: {=INDEX(Changed!$M:$M,ROW())&IF(Changed!$M310>Base!$M310,"↑",IF(Changed!$M310<Base!$M310," ↓",""))} -> 80 | N310: =Changed!G310-Base!G310 -> 0
... A338: 337 | B338: Sableye | C338: =IF(Changed!C338<>"", Changed!C338, "") -> Dark | D338: =IF(Changed!D338<>"", Changed!D338, "") -> Ghost | E338: =IF(Changed!E338<>"", Changed!E338, "") -> Keen Eye | F338: =IF(Changed!F338<>"", Changed!F338, "") -> Prankster | G338: {=INDEX(Changed!$G:$G,ROW())&IF(Changed!$G338>Base!$G338,"↑",IF(Changed!$G338<Base!$G338," ↓",""))} -> 380 | H338: {=INDEX(Changed!$H:$H,ROW())&IF(Changed!$H338>Base!$H338,"↑",IF(Changed!$H338<Base!$H338," ↓",""))} -> 50 | I338: {=INDEX(Changed!$I:$I,ROW())&IF(Changed!$I338>Base!$I338,"↑",IF(Changed!$I338<Base!$I338," ↓",""))} -> 75 | J338: {=INDEX(Changed!$J:$J,ROW())&IF(Changed!$J338>Base!$J338,"↑",IF(Changed!$J338<Base!$J338," ↓",""))} -> 75 | K338: {=INDEX(Changed!$K:$K,ROW())&IF(Changed!$K338>Base!$K338,"↑",IF(Changed!$K338<Base!$K338," ↓",""))} -> 65 | L338: {=INDEX(Changed!$L:$L,ROW())&IF(Changed!$L338>Base!$L338,"↑",IF(Changed!$L338<Base!$L338," ↓",""))} -> 65 | M338: {=INDEX(Changed!$M:$M,ROW())&IF(Changed!$M338>Base!$M338,"↑",IF(Changed!$M338<Base!$M338," ↓",""))} -> 50 | N338: =Changed!G338-Base!G338 -> 0
A339: 338 | B339: Mawile | C339: =IF(Changed!C339<>"", Changed!C339, "") -> Steel | E339: =IF(Changed!E339<>"", Changed!E339, "") -> Hyper Cutter | F339: =IF(Changed!F339<>"", Changed!F339, "") -> Intimidate | G339: {=INDEX(Changed!$G:$G,ROW())&IF(Changed!$G339>Base!$G339,"↑",IF(Changed!$G339<Base!$G339," ↓",""))} -> 380 | H339: {=INDEX(Changed!$H:$H,ROW())&IF(Changed!$H339>Base!$H339,"↑",IF(Changed!$H339<Base!$H339," ↓",""))} -> 50 | I339: {=INDEX(Changed!$I:$I,ROW())&IF(Changed!$I339>Base!$I339,"↑",IF(Changed!$I339<Base!$I339," ↓",""))} -> 85 | J339: {=INDEX(Changed!$J:$J,ROW())&IF(Changed!$J339>Base!$J339,"↑",IF(Changed!$J339<Base!$J339," ↓",""))} -> 85 | K339: {=INDEX(Changed!$K:$K,ROW())&IF(Changed!$K339>Base!$K339,"↑",IF(Changed!$K339<Base!$K339," ↓",""))} -> 55 | L339: {=INDEX(Changed!$L:$L,ROW())&IF(Changed!$L339>Base!$L339,"↑",IF(Changed!$L339<Base!$L339," ↓",""))} -> 55 | M339: {=INDEX(Changed!$M:$M,ROW())&IF(Changed!$M339>Base!$M339,"↑",IF(Changed!$M339<Base!$M339," ↓",""))} -> 50 | N339: =Changed!G339-Base!G339 -> 0
A340: 339 | B340: Aron | C340: =IF(Changed!C340<>"", Changed!C340, "") -> Steel | D340: =IF(Changed!D340<>"", Changed!D340, "") -> None | E340: =IF(Changed!E340<>"", Changed!E340, "") -> Sturdy | F340: =IF(Changed!F340<>"", Changed!F340, "") -> Rock Head | G340: {=INDEX(Changed!$G:$G,ROW())&IF(Changed!$G340>Base!$G340,"↑",IF(Changed!$G340<Base!$G340," ↓",""))} -> 320 ↓ | H340: {=INDEX(Changed!$H:$H,ROW())&IF(Changed!$H340>Base!$H340,"↑",IF(Changed!$H340<Base!$H340," ↓",""))} -> 50 | I340: {=INDEX(Changed!$I:$I,ROW())&IF(Changed!$I340>Base!$I340,"↑",IF(Changed!$I340<Base!$I340," ↓",""))} -> 60 ↓ | J340: {=INDEX(Changed!$J:$J,ROW())&IF(Changed!$J340>Base!$J340,"↑",IF(Changed!$J340<Base!$J340," ↓",""))} -> 100 | K340: {=INDEX(Changed!$K:$K,ROW())&IF(Changed!$K340>Base!$K340,"↑",IF(Changed!$K340<Base!$K340," ↓",""))} -> 40 | L340: {=INDEX(Changed!$L:$L,ROW())&IF(Changed!$L340>Base!$L340,"↑",IF(Changed!$L340<Base!$L340," ↓",""))} -> 40 | M340: {=INDEX(Changed!$M:$M,ROW())&IF(Changed!$M340>Base!$M340,"↑",IF(Changed!$M340<Base!$M340," ↓",""))} -> 30 | N340: =Changed!G340-Base!G340 -> -10
A341: 340 | B341: Lairon | C341: =IF(Changed!C341<>"", Changed!C341, "") -> Steel | D341: =IF(Changed!D341<>"", Changed!D341, "") -> None | E341: =IF(Changed!E341<>"", Changed!E341, "") -> Filter | F341: =IF(Changed!F341<>"", Changed!F341, "") -> Rock Head | G341: {=INDEX(Changed!$G:$G,ROW())&IF(Changed!$G341>Base!$G341,"↑",IF(Changed!$G341<Base!$G341," ↓",""))} -> 420 ↓ | H341: {=INDEX(Changed!$H:$H,ROW())&IF(Changed!$H341>Base!$H341,"↑",IF(Changed!$H341<Base!$H341," ↓",""))} -> 60 | I341: {=INDEX(Changed!$I:$I,ROW())&IF(Changed!$I341>Base!$I341,"↑",IF(Changed!$I341<Base!$I341," ↓",""))} -> 80 ↓ | J341: {=INDEX(Changed!$J:$J,ROW())&IF(Changed!$J341>Base!$J341,"↑",IF(Changed!$J341<Base!$J341," ↓",""))} -> 140 | K341: {=INDEX(Changed!$K:$K,ROW())&IF(Changed!$K341>Base!$K341,"↑",IF(Changed!$K341<Base!$K341," ↓",""))} -> 50 | L341: {=INDEX(Changed!$L:$L,ROW())&IF(Changed!$L341>Base!$L341,"↑",IF(Changed!$L341<Base!$L341," ↓",""))} -> 50 | M341: {=INDEX(Changed!$M:$M,ROW())&IF(Changed!$M341>Base!$M341,"↑",IF(Changed!$M341<Base!$M341," ↓",""))} -> 40 | N341: =Changed!G341-Base!G341 -> -10
A342: 341 | B342: Aggron | C342: =IF(Changed!C342<>"", Changed!C342, "") -> Steel | D342: =IF(Changed!D342<>"", Changed!D342, "") -> None | E342: =IF(Changed!E342<>"", Changed!E342, "") -> Filter | F342: =IF(Changed!F342<>"", Changed!F342, "") -> Rock Head | G342: {=INDEX(Changed!$G:$G,ROW())&IF(Changed!$G342>Base!$G342,"↑",IF(Changed!$G342<Base!$G342," ↓",""))} -> 530 | H342: {=INDEX(Changed!$H:$H,ROW())&IF(Changed!$H342>Base!$H342,"↑",IF(Changed!$H342<Base!$H342," ↓",""))} -> 70 | I342: {=INDEX(Changed!$I:$I,ROW())&IF(Changed!$I342>Base!$I342,"↑",IF(Changed!$I342<Base!$I342," ↓",""))} -> 100 ↓ | J342: {=INDEX(Changed!$J:$J,ROW())&IF(Changed!$J342>Base!$J342,"↑",IF(Changed!$J342<Base!$J342," ↓",""))} -> 190↑ | K342: {=INDEX(Changed!$K:$K,ROW())&IF(Changed!$K342>Base!$K342,"↑",IF(Changed!$K342<Base!$K342," ↓",""))} -> 60 | L342: {=INDEX(Changed!$L:$L,ROW())&IF(Changed!$L342>Base!$L342,"↑",IF(Changed!$L342<Base!$L342," ↓",""))} -> 60 | M342: {=INDEX(Changed!$M:$M,ROW())&IF(Changed!$M342>Base!$M342,"↑",IF(Changed!$M342<Base!$M342," ↓",""))} -> 50 | N342: =Changed!G342-Base!G342 -> 0
A343: 342 | B343: Meditite | C343: =IF(Changed!C343<>"", Changed!C343, "") -> Fighting | D343: =IF(Changed!D343<>"", Changed!D343, "") -> Psychic | E343: =IF(Changed!E343<>"", Changed!E343, "") -> Pure Power | F343: =IF(Changed!F343<>"", Changed!F343, "") | G343: {=INDEX(Changed!$G:$G,ROW())&IF(Changed!$G343>Base!$G343,"↑",IF(Changed!$G343<Base!$G343," ↓",""))} -> 280 | H343: {=INDEX(Changed!$H:$H,ROW())&IF(Changed!$H343>Base!$H343,"↑",IF(Changed!$H343<Base!$H343," ↓",""))} -> 30 | I343: {=INDEX(Changed!$I:$I,ROW())&IF(Changed!$I343>Base!$I343,"↑",IF(Changed!$I343<Base!$I343," ↓",""))} -> 40 | J343: {=INDEX(Changed!$J:$J,ROW())&IF(Changed!$J343>Base!$J343,"↑",IF(Changed!$J343<Base!$J343," ↓",""))} -> 55 | K343: {=INDEX(Changed!$K:$K,ROW())&IF(Changed!$K343>Base!$K343,"↑",IF(Changed!$K343<Base!$K343," ↓",""))} -> 40 | L343: {=INDEX(Changed!$L:$L,ROW())&IF(Changed!$L343>Base!$L343,"↑",IF(Changed!$L343<Base!$L343," ↓",""))} -> 55 | M343: {=INDEX(Changed!$M:$M,ROW())&IF(Changed!$M343>Base!$M343,"↑",IF(Changed!$M343<Base!$M343," ↓",""))} -> 60 | N343: =Changed!G343-Base!G343 -> 0
A344: 343 | B344: Medicham | C344: =IF(Changed!C344<>"", Changed!C344, "") -> Fighting | D344: =IF(Changed!D344<>"", Changed!D344, "") -> Psychic | E344: =IF(Changed!E344<>"", Changed!E344, "") -> Pure Power | F344: =IF(Changed!F344<>"", Changed!F344, "") | G344: {=INDEX(Changed!$G:$G,ROW())&IF(Changed!$G344>Base!$G344,"↑",IF(Changed!$G344<Base!$G344," ↓",""))} -> 410 | H344: {=INDEX(Changed!$H:$H,ROW())&IF(Changed!$H344>Base!$H344,"↑",IF(Changed!$H344<Base!$H344," ↓",""))} -> 60 | I344: {=INDEX(Changed!$I:$I,ROW())&IF(Changed!$I344>Base!$I344,"↑",IF(Changed!$I344<Base!$I344," ↓",""))} -> 60 | J344: {=INDEX(Changed!$J:$J,ROW())&IF(Changed!$J344>Base!$J344,"↑",IF(Changed!$J344<Base!$J344," ↓",""))} -> 75 | K344: {=INDEX(Changed!$K:$K,ROW())&IF(Changed!$K344>Base!$K344,"↑",IF(Changed!$K344<Base!$K344," ↓",""))} -> 60 | L344: {=INDEX(Changed!$L:$L,ROW())&IF(Changed!$L344>Base!$L344,"↑",IF(Changed!$L344<Base!$L344," ↓",""))} -> 75 | M344: {=INDEX(Changed!$M:$M,ROW())&IF(Changed!$M344>Base!$M344,"↑",IF(Changed!$M344<Base!$M344," ↓",""))} -> 80 | N344: =Changed!G344-Base!G344 -> 0
A345: 344 | B345: Electrike | C345: =IF(Changed!C345<>"", Changed!C345, "") -> Electric | D345: =IF(Changed!D345<>"", Changed!D345, "") -> Grass | E345: =IF(Changed!E345<>"", Changed!E345, "") -> Static | F345: =IF(Changed!F345<>"", Changed!F345, "") -> Lightning Rod | G345: {=INDEX(Changed!$G:$G,ROW())&IF(Changed!$G345>Base!$G345,"↑",IF(Changed!$G345<Base!$G345," ↓",""))} -> 295 | H345: {=INDEX(Changed!$H:$H,ROW())&IF(Changed!$H345>Base!$H345,"↑",IF(Changed!$H345<Base!$H345," ↓",""))} -> 40 | I345: {=INDEX(Changed!$I:$I,ROW())&IF(Changed!$I345>Base!$I345,"↑",IF(Changed!$I345<Base!$I345," ↓",""))} -> 45 | J345: {=INDEX(Changed!$J:$J,ROW())&IF(Changed!$J345>Base!$J345,"↑",IF(Changed!$J345<Base!$J345," ↓",""))} -> 40 | K345: {=INDEX(Changed!$K:$K,ROW())&IF(Changed!$K345>Base!$K345,"↑",IF(Changed!$K345<Base!$K345," ↓",""))} -> 65 | L345: {=INDEX(Changed!$L:$L,ROW())&IF(Changed!$L345>Base!$L345,"↑",IF(Changed!$L345<Base!$L345," ↓",""))} -> 40 | M345: {=INDEX(Changed!$M:$M,ROW())&IF(Changed!$M345>Base!$M345,"↑",IF(Changed!$M345<Base!$M345," ↓",""))} -> 65 | N345: =Changed!G345-Base!G345 -> 0
A346: 345 | B346: Manectric | C346: =IF(Changed!C346<>"", Changed!C346, "") -> Electric | D346: =IF(Changed!D346<>"", Changed!D346, "") -> Grass | E346: =IF(Changed!E346<>"", Changed!E346, "") -> Static | F346: =IF(Changed!F346<>"", Changed!F346, "") -> Lightning Rod | G346: {=INDEX(Changed!$G:$G,ROW())&IF(Changed!$G346>Base!$G346,"↑",IF(Changed!$G346<Base!$G346," ↓",""))} -> 475 | H346: {=INDEX(Changed!$H:$H,ROW())&IF(Changed!$H346>Base!$H346,"↑",IF(Changed!$H346<Base!$H346," ↓",""))} -> 70 | I346: {=INDEX(Changed!$I:$I,ROW())&IF(Changed!$I346>Base!$I346,"↑",IF(Changed!$I346<Base!$I346," ↓",""))} -> 75 | J346: {=INDEX(Changed!$J:$J,ROW())&IF(Changed!$J346>Base!$J346,"↑",IF(Changed!$J346<Base!$J346," ↓",""))} -> 60 | K346: {=INDEX(Changed!$K:$K,ROW())&IF(Changed!$K346>Base!$K346,"↑",IF(Changed!$K346<Base!$K346," ↓",""))} -> 105 | L346: {=INDEX(Changed!$L:$L,ROW())&IF(Changed!$L346>Base!$L346,"↑",IF(Changed!$L346<Base!$L346," ↓",""))} -> 60 | M346: {=INDEX(Changed!$M:$M,ROW())&IF(Changed!$M346>Base!$M346,"↑",IF(Changed!$M346<Base!$M346," ↓",""))} -> 105 | N346: =Changed!G346-Base!G346 -> 0
A347: 346 | B347: Plusle | C347: =IF(Changed!C347<>"", Changed!C347, "") -> Electric | D347: =IF(Changed!D347<>"", Changed!D347, "") | E347: =IF(Changed!E347<>"", Changed!E347, "") -> Plus | F347: =IF(Changed!F347<>"", Changed!F347, "") | G347: {=INDEX(Changed!$G:$G,ROW())&IF(Changed!$G347>Base!$G347,"↑",IF(Changed!$G347<Base!$G347," ↓",""))} -> 405 | H347: {=INDEX(Changed!$H:$H,ROW())&IF(Changed!$H347>Base!$H347,"↑",IF(Changed!$H347<Base!$H347," ↓",""))} -> 60 | I347: {=INDEX(Changed!$I:$I,ROW())&IF(Changed!$I347>Base!$I347,"↑",IF(Changed!$I347<Base!$I347," ↓",""))} -> 50 | J347: {=INDEX(Changed!$J:$J,ROW())&IF(Changed!$J347>Base!$J347,"↑",IF(Changed!$J347<Base!$J347," ↓",""))} -> 40 | K347: {=INDEX(Changed!$K:$K,ROW())&IF(Changed!$K347>Base!$K347,"↑",IF(Changed!$K347<Base!$K347," ↓",""))} -> 85 | L347: {=INDEX(Changed!$L:$L,ROW())&IF(Changed!$L347>Base!$L347,"↑",IF(Changed!$L347<Base!$L347," ↓",""))} -> 75 | M347: {=INDEX(Changed!$M:$M,ROW())&IF(Changed!$M347>Base!$M347,"↑",IF(Changed!$M347<Base!$M347," ↓",""))} -> 95 | N347: =Changed!G347-Base!G347 -> 0
A348: 347 | B348: Minun | C348: =IF(Changed!C348<>"", Changed!C348, "") -> Electric | D348: =IF(Changed!D348<>"", Changed!D348, "") | E348: =IF(Changed!E348<>"", Changed!E348, "") -> Minus | F348: =IF(Changed!F348<>"", Changed!F348, "") | G348: {=INDEX(Changed!$G:$G,ROW())&IF(Changed!$G348>Base!$G348,"↑",IF(Changed!$G348<Base!$G348," ↓",""))} -> 405 | H348: {=INDEX(Changed!$H:$H,ROW())&IF(Changed!$H348>Base!$H348,"↑",IF(Changed!$H348<Base!$H348," ↓",""))} -> 60 | I348: {=INDEX(Changed!$I:$I,ROW())&IF(Changed!$I348>Base!$I348,"↑",IF(Changed!$I348<Base!$I348," ↓",""))} -> 40 | J348: {=INDEX(Changed!$J:$J,ROW())&IF(Changed!$J348>Base!$J348,"↑",IF(Changed!$J348<Base!$J348," ↓",""))} -> 50 | K348: {=INDEX(Changed!$K:$K,ROW())&IF(Changed!$K348>Base!$K348,"↑",IF(Changed!$K348<Base!$K348," ↓",""))} -> 75 | L348: {=INDEX(Changed!$L:$L,ROW())&IF(Changed!$L348>Base!$L348,"↑",IF(Changed!$L348<Base!$L348," ↓",""))} -> 85 | M348: {=INDEX(Changed!$M:$M,ROW())&IF(Changed!$M348>Base!$M348,"↑",IF(Changed!$M348<Base!$M348," ↓",""))} -> 95 | N348: =Changed!G348-Base!G348 -> 0
A349: 348 | B349: Volbeat | C349: =IF(Changed!C349<>"", Changed!C349, "") -> Bug | D349: =IF(Changed!D349<>"", Changed!D349, "") | E349: =IF(Changed!E349<>"", Changed!E349, "") -> Minus | F349: =IF(Changed!F349<>"", Changed!F349, "") -> Swarm | G349: {=INDEX(Changed!$G:$G,ROW())&IF(Changed!$G349>Base!$G349,"↑",IF(Changed!$G349<Base!$G349," ↓",""))} -> 430 | H349: {=INDEX(Changed!$H:$H,ROW())&IF(Changed!$H349>Base!$H349,"↑",IF(Changed!$H349<Base!$H349," ↓",""))} -> 65 | I349: {=INDEX(Changed!$I:$I,ROW())&IF(Changed!$I349>Base!$I349,"↑",IF(Changed!$I349<Base!$I349," ↓",""))} -> 73 | J349: {=INDEX(Changed!$J:$J,ROW())&IF(Changed!$J349>Base!$J349,"↑",IF(Changed!$J349<Base!$J349," ↓",""))} -> 75 | K349: {=INDEX(Changed!$K:$K,ROW())&IF(Changed!$K349>Base!$K349,"↑",IF(Changed!$K349<Base!$K349," ↓",""))} -> 47 | L349: {=INDEX(Changed!$L:$L,ROW())&IF(Changed!$L349>Base!$L349,"↑",IF(Changed!$L349<Base!$L349," ↓",""))} -> 85 | M349: {=INDEX(Changed!$M:$M,ROW())&IF(Changed!$M349>Base!$M349,"↑",IF(Changed!$M349<Base!$M349," ↓",""))} -> 85 | N349: =Changed!G349-Base!G349 -> 0
...

Sheet Evolution
A1: Dex Number | B1: Name | C1: Stage 1 | D1: Method | E1: Stage 2 | F1: Method | G1: Stage 3
A2: 1 | B2: Bulbasaur | C2: =#REF! -> #REF! | D2: Level | E2: =#REF! -> #REF! | F2: Level | G2: =#REF! -> #REF!
A3: 2 | B3: Ivysaur | D3: 20 | F3: 38
A4: 3 | B4: Venusaur | D4: =IP!B2 -> #VALUE! | F4: =IP!B2 -> #VALUE!
A5: 4 | B5: Charmander | C5: =#REF! -> #REF! | D5: Level | E5: =#REF! -> #REF! | F5: Level | G5: =#REF! -> #REF!
A6: 5 | B6: Charmeleon | D6: 20 | F6: 42
A7: 6 | B7: Charizard | D7: =IP!B2 -> #VALUE! | F7: =IP!B2 -> #VALUE!
A8: 7 | B8: Squirtle | C8: =#REF! -> #REF! | D8: Level | E8: =#REF! -> #REF! | F8: Level | G8: =#REF! -> #REF!
A9: 8 | B9: Wartortle | D9: 20 | F9: 42
A10: 9 | B10: Blastoise | D10: =IP!B2 -> #VALUE! | F10: =IP!B2 -> #VALUE!
A11: 10 | B11: Caterpie | C11: =#REF! -> #REF! | D11: Level | E11: =#REF! -> #REF! | F11: Level | G11: =#REF! -> #REF!
A12: 11 | B12: Metapod | D12: 9 | F12: 18
A13: 12 | B13: Butterfree | D13: =IP!B2 -> #VALUE! | F13: =IP!B2 -> #VALUE!
A14: 13 | B14: Weedle | C14: =#REF! -> #REF! | D14: Level | E14: =#REF! -> #REF! | F14: Level | G14: =#REF! -> #REF!
A15: 14 | B15: Kakuna | D15: 9 | F15: 18
A16: 15 | B16: Beedrill | D16: =IP!B2 -> #VALUE! | F16: =IP!B2 -> #VALUE!
A17: 16 | B17: Pidgey | C17: =#REF! -> #REF! | D17: Level | E17: =#REF! -> #REF! | F17: Level | G17: =#REF! -> #REF!
A18: 17 | B18: Pidgeotto | D18: 18 | F18: 38
A19: 18 | B19: Pidgeot | D19: =IP!B2 -> #VALUE! | F19: =IP!B2 -> #VALUE!
A20: 19 | B20: Rattata | C20: =#REF! -> #REF! | D20: Level | E20: =#REF! -> #REF!
A21: 20 | B21: Raticate | D21: 25
D22: =IP!B2 -> #VALUE!
A23: 21 | B23: Ekans | C23: =#REF! -> #REF! | D23: Level | E23: =#REF! -> #REF!
A24: 22 | B24: Arbok | D24: 30
D25: =IP!B2 -> #VALUE!
A26: 23 | B26: Pichu | C26: =#REF! -> #REF! | D26: Level | E26: =#REF! -> #REF! | F26: Level | G26: =#REF! -> #REF! | I26: Use
A27: 24 | B27: Pikachu | D27: 15 | F27: 40 | H27: or | I27: Item
A28: 25 | B28: Raichu | D28: =IP!B2 -> #VALUE! | F28: =IP!B2 -> #VALUE! | I28: =IP!B5 -> #VALUE!
A29: 26 | B29: Sandshrew | C29: =#REF! -> #REF! | D29: Level | E29: =#REF! -> #REF!
A30: 27 | B30: Sandslash | D30: 22
D31: =IP!B2 -> #VALUE!
A32: 28 | B32: Nidoran♀ | C32: =#REF! -> #REF! | D32: Level | E32: =#REF! -> #REF! | F32: Level | G32: =#REF! -> #REF!
A33: 29 | B33: Nidorina | D33: 21 | F33: 42
A34: 30 | B34: Nidoqueen | D34: =IP!B2 -> #VALUE! | F34: =IP!B2 -> #VALUE!
A35: 31 | B35: Nidoran♂ | C35: =#REF! -> #REF! | D35: Level | E35: =#REF! -> #REF! | F35: Level | G35: =#REF! -> #REF!
A36: 32 | B36: Nidorino | D36: 21 | F36: 42
A37: 33 | B37: Nidoking | D37: =IP!B2 -> #VALUE! | F37: =IP!B2 -> #VALUE!
A38: 34 | B38: Cleffa | C38: =#REF! -> #REF! | D38: Level | E38: =#REF! -> #REF! | F38: Level | G38: =#REF! -> #REF! | I38: Use
A39: 35 | B39: Clefairy | D39: 15 | F39: 39 | H39: or | I39: Item
A40: 36 | B40: Clefable | D40: =IP!B2 -> #VALUE! | F40: =IP!B2 -> #VALUE! | I40: =IP!B7 -> #VALUE!
A41: 37 | B41: Vulpix | C41: =#REF! -> #REF! | D41: Level | E41: =#REF! -> #REF! | I41: Use
A42: 38 | B42: Ninetales | D42: 32 | H42: or | I42: Item
D43: =IP!B2 -> #VALUE! | I43: =IP!B3 -> #VALUE!
A44: 39 | B44: Igglybuff | C44: =#REF! -> #REF! | D44: Level | E44: =#REF! -> #REF! | F44: Level | G44: =#REF! -> #REF! | I44: Use
A45: 40 | B45: Jigglypuff | D45: 15 | F45: 32 | H45: or | I45: Item
A46: 41 | B46: Wigglytuff | D46: =IP!B2 -> #VALUE! | F46: =IP!B2 -> #VALUE! | I46: =IP!B7 -> #VALUE!
A47: 42 | B47: Zubat | C47: =#REF! -> #REF! | D47: Level | E47: =#REF! -> #REF! | F47: Level | G47: =#REF! -> #REF!
A48: 43 | B48: Golbat | D48: 22 | F48: 45
A49: 44 | B49: Crobat | D49: =IP!B2 -> #VALUE! | F49: =IP!B2 -> #VALUE!
A50: 45 | B50: Oddish | C50: =#REF! -> #REF! | D50: Level | E50: =#REF! -> #REF! | F50: Use | G50: =#REF! -> #REF!
A51: 46 | B51: Gloom | F51: Item
A52: 47 | B52: Vileplume | D52: 21 | F52: =IP!B6 -> #VALUE!
F53: Use | G53: =#REF! -> #REF!
A54: 48 | B54: Bellossom | D54: =IP!B2 -> #VALUE! | F54: Item
F55: =IP!B8 -> #VALUE!
A56: 49 | B56: Paras | C56: =#REF! -> #REF! | D56: Level | E56: =#REF! -> #REF!
A57: 50 | B57: Parasect | D57: 24
D58: =IP!B2 -> #VALUE!
A59: 51 | B59: Venonat | C59: =#REF! -> #REF! | D59: Level | E59: =#REF! -> #REF!
A60: 52 | B60: Venomoth | D60: 31
D61: =IP!B2 -> #VALUE!
A62: 53 | B62: Diglett | C62: =#REF! -> #REF! | D62: Level | E62: =#REF! -> #REF!
A63: 54 | B63: Dugtrio | D63: 26
D64: =IP!B2 -> #VALUE!
A65: 55 | B65: Meowth | C65: =#REF! -> #REF! | D65: Level | E65: =#REF! -> #REF!
A66: 56 | B66: Persian | D66: 28
D67: =IP!B2 -> #VALUE!
A68: 57 | B68: Psyduck | C68: =#REF! -> #REF! | D68: Level | E68: =#REF! -> #REF!
A69: 58 | B69: Golduck | D69: 28
D70: =IP!B2 -> #VALUE!
A71: 59 | B71: Mankey | C71: =#REF! -> #REF! | D71: Level | E71: =#REF! -> #REF! | F71: Level | G71: =#REF! -> #REF!
A72: 60 | B72: Primeape | D72: 28 | F72: 55
A73: 61 | B73: Annihilape | D73: =IP!B2 -> #VALUE! | F73: =IP!B2 -> #VALUE!
A74: 62 | B74: Growlithe | C74: =#REF! -> #REF! | D74: Level | E74: =#REF! -> #REF! | F74: Use
A75: 63 | B75: Arcanine | D75: 32 | F75: Item
D76: =IP!B2 -> #VALUE! | F76: =IP!B3 -> #VALUE!
A77: 64 | B77: Poliwag | C77: =#REF! -> #REF! | D77: Level | E77: =#REF! -> #REF! | F77: Level | G77: =#REF! -> #REF!
A78: 65 | B78: Poliwhirl | F78: 45
A79: 66 | B79: Poliwrath | D79: 25 | F79: =IP!B2 -> #VALUE!
F80: Use | G80: =#REF! -> #REF!
A81: 67 | B81: Politoed | D81: =IP!B2 -> #VALUE! | F81: Item
F82: =IP!B4 -> #VALUE!
A83: 68 | B83: Abra | C83: =#REF! -> #REF! | D83: Level | E83: =#REF! -> #REF! | F83: Level | G83: =#REF! -> #REF! | I83: Use
A84: 69 | B84: Kadabra | D84: 16 | F84: 45 | H84: or | I84: Item
A85: 70 | B85: Alakazam | D85: =IP!B2 -> #VALUE! | F85: =IP!B2 -> #VALUE! | I85: =IP!B14 -> #VALUE!
A86: 71 | B86: Machop | C86: =#REF! -> #REF! | D86: Level | E86: =#REF! -> #REF! | F86: Level | G86: =#REF! -> #REF! | I86: Use
A87: 72 | B87: Machoke | D87: 28 | F87: 45 | H87: or | I87: Item
A88: 73 | B88: Machamp | D88: =IP!B2 -> #VALUE! | F88: =IP!B2 -> #VALUE! | I88: =IP!B14 -> #VALUE!
A89: 74 | B89: Bellsprout | C89: =#REF! -> #REF! | D89: Level | E89: =#REF! -> #REF! | F89: Level | G89: =#REF! -> #REF!
A90: 75 | B90: Weepinbell | D90: 21 | F90: 42
A91: 76 | B91: Victreebel | D91: =IP!B2 -> #VALUE! | F91: =IP!B2 -> #VALUE!
A92: 77 | B92: Tentacool | C92: =#REF! -> #REF! | D92: Level | E92: =#REF! -> #REF!
A93: 78 | B93: Tentacruel | D93: 30
D94: =IP!B2 -> #VALUE!
A95: 79 | B95: Geodude | C95: =#REF! -> #REF! | D95: Level | E95: =#REF! -> #REF! | F95: Level | G95: =#REF! -> #REF! | I95: Use
A96: 80 | B96: Graveler | D96: 25 | F96: 42 | H96: or | I96: Item
A97: 81 | B97: Golem | D97: =IP!B2 -> #VALUE! | F97: =IP!B2 -> #VALUE! | I97: =IP!B14 -> #VALUE!
A98: 82 | B98: Ponyta | C98: =#REF! -> #REF! | D98: Level | E98: =#REF! -> #REF! | I98: Use
A99: 83 | B99: Rapidash | D99: 40 | H99: or | I99: Item
D100: =IP!B2 -> #VALUE! | I100: =IP!B3 -> #VALUE!
...

Sheet Learnset
A1: Dex Number | B1: Name | C1: Level | D1: Move | E1: Level | F1: Move | G1: Level | H1: Move | I1: Level | J1: Move | K1: Level | L1: Move | M1: Level | N1: Move | O1: Level | P1: Move | Q1: Level | R1: Move | S1: Level | T1: Move | U1: Level | V1: Move | W1: Level | X1: Move | Y1: Level | Z1: Move | AA1: Level | AB1: Move | AC1: Level | AD1: Move | AE1: Level | AF1: Move | AG1: Level | AH1: Move | AI1: Level | AJ1: Move | AK1: Level | AL1: Move | AM1: Level | AN1: Move | AO1: Level | AP1: Move | AQ1: Level
A2: 1 | B2: Bulbasaur
A3: 2 | B3: Ivysaur
A4: 3 | B4: Venusaur
A5: 4 | B5: Charmander
A6: 5 | B6: Charmeleon
A7: 6 | B7: Charizard
A8: 7 | B8: Squirtle
A9: 8 | B9: Wartortle
A10: 9 | B10: Blastoise
A11: 10 | B11: Caterpie
A12: 11 | B12: Metapod
A13: 12 | B13: Butterfree
... A504: 503 | B504: Arceus
A505: 450 - 1 | B505: Wormadam Sandy
A506: 450 - 2 | B506: Wormadam Trash
A507: 459 - 1 | B507: Shellos East
A508: 460 - 1 | B508: Gastrodon East

Sheet Boss Fights
A1: Location | B1: Trainer | C1: Pokémon | D1: Level | E1: Ability | F1: Item | G1: Nature | H1: IVs | I1: EVs | J1: Move 1 | K1: Move 2 | L1: Move 3 | M1: Move 4 | O1: Header Palette generated by PokémonPallete.com
B2: Name | C2: Pokémon 1 | D2: ??? | E2: Ability | F2: Item | G2: Hardy | H2: 0 | I2: 0 | J2: Splash | K2: Splash | L2: Splash | M2: Splash
B3: Role | C3: Pokémon 2 | D3: ??? | E3: Ability | F3: Item | G3: Hardy | H3: 0 | I3: 0 | J3: Splash | K3: Splash | L3: Splash | M3: Splash
C4: Pokémon 2 | D4: ??? | E4: Ability | F4: Item | G4: Hardy | H4: 0 | I4: 0 | J4: Splash | K4: Splash | L4: Splash | M4: Splash
C5: Pokémon 4 | D5: ??? | E5: Ability | F5: Item | G5: Hardy | H5: 0 | I5: 0 | J5: Splash | K5: Splash | L5: Splash | M5: Splash
C6: Pokémon 5 | D6: ??? | E6: Ability | F6: Item | G6: Hardy | H6: 0 | I6: 0 | J6: Splash | K6: Splash | L6: Splash | M6: Splash
C7: Pokémon 6 | D7: ??? | E7: Ability | F7: Item | G7: Hardy | H7: 0 | I7: 0 | J7: Splash | K7: Splash | L7: Splash | M7: Splash
B8: Falkner | C8: Pokémon 1 | D8: ??? | E8: Ability | F8: Item | G8: Hardy | H8: 0 | I8: 0 | J8: Splash | K8: Splash | L8: Splash | M8: Splash
B9: Gym Leader | C9: Pokémon 2 | D9: ??? | E9: Ability | F9: Item | G9: Hardy | H9: 0 | I9: 0 | J9: Splash | K9: Splash | L9: Splash | M9: Splash
C10: Pokémon 3 | D10: ??? | E10: Ability | F10: Item | G10: Hardy | H10: 0 | I10: 0 | J10: Splash | K10: Splash | L10: Splash | M10: Splash
C11: Pokémon 4 | D11: ??? | E11: Ability | F11: Item | G11: Hardy | H11: 0 | I11: 0 | J11: Splash | K11: Splash | L11: Splash | M11: Splash
C12: Pokémon 5 | D12: ??? | E12: Ability | F12: Item | G12: Hardy | H12: 0 | I12: 0 | J12: Splash | K12: Splash | L12: Splash | M12: Splash
C13: Pokémon 6 | D13: ??? | E13: Ability | F13: Item | G13: Hardy | H13: 0 | I13: 0 | J13: Splash | K13: Splash | L13: Splash | M13: Splash
A14: Perma drizzle | B14: Bugsy | C14: Scyther | D14: ??? | E14: Technician | F14: Item | G14: Hardy | H14: 0 | I14: 0 | J14: U-Turn | K14: Brick Break
A15: "bloody water leak in my gym" and the town is perma raining | B15: Gym Leader | C15: Forretress | D15: ??? | E15: Heatproof | F15: Item | G15: Hardy | H15: 0 | I15: 0 | J15: Gyro Ball | K15: Ancient Power | L15: Pain Split | M15: Stealth Rock
C16: Butterfree | D16: ??? | E16: Compound Eyes | F16: Item | G16: Hardy | H16: 0 | I16: 0 | J16: Psywave | K16: Air Slash | L16: Quiver Dance | M16: Sleep Powder
C17: Pokémon 4 | D17: ??? | E17: Ability | F17: Item | G17: Hardy | H17: 0 | I17: 0 | J17: Splash | K17: Splash | L17: Splash | M17: Splash
C18: Pokémon 5 | D18: ??? | E18: Ability | F18: Item | G18: Hardy | H18: 0 | I18: 0 | J18: Splash | K18: Splash | L18: Splash | M18: Splash
C19: Pokémon 6 | D19: ??? | E19: Ability | F19: Item | G19: Hardy | H19: 0 | I19: 0 | J19: Splash | K19: Splash | L19: Splash | M19: Splash
B20: Whitney | C20: Pokémon 1 | D20: ??? | E20: Ability | F20: Item | G20: Hardy | H20: 0 | I20: 0 | J20: Splash | K20: Splash | L20: Splash | M20: Splash
B21: Gym Leader | C21: Pokémon 2 | D21: ??? | E21: Ability | F21: Item | G21: Hardy | H21: 0 | I21: 0 | J21: Splash | K21: Splash | L21: Splash | M21: Splash
C22: Pokémon 3 | D22: ??? | E22: Ability | F22: Item | G22: Hardy | H22: 0 | I22: 0 | J22: Splash | K22: Splash | L22: Splash | M22: Splash
C23: Pokémon 4 | D23: ??? | E23: Ability | F23: Item | G23: Hardy | H23: 0 | I23: 0 | J23: Splash | K23: Splash | L23: Splash | M23: Splash
C24: Pokémon 5 | D24: ??? | E24: Ability | F24: Item | G24: Hardy | H24: 0 | I24: 0 | J24: Splash | K24: Splash | L24: Splash | M24: Splash
C25: Pokémon 6 | D25: ??? | E25: Ability | F25: Item | G25: Hardy | H25: 0 | I25: 0 | J25: Splash | K25: Splash | L25: Splash | M25: Splash
B26: Morty | C26: Pokémon 1 | D26: ??? | E26: Ability | F26: Item | G26: Hardy | H26: 0 | I26: 0 | J26: Splash | K26: Splash | L26: Splash | M26: Splash
B27: Gym Leader | C27: Pokémon 2 | D27: ??? | E27: Ability | F27: Item | G27: Hardy | H27: 0 | I27: 0 | J27: Splash | K27: Splash | L27: Splash | M27: Splash
C28: Pokémon 3 | D28: ??? | E28: Ability | F28: Item | G28: Hardy | H28: 0 | I28: 0 | J28: Splash | K28: Splash | L28: Splash | M28: Splash
C29: Pokémon 4 | D29: ??? | E29: Ability | F29: Item | G29: Hardy | H29: 0 | I29: 0 | J29: Splash | K29: Splash | L29: Splash | M29: Splash
C30: Pokémon 5 | D30: ??? | E30: Ability | F30: Item | G30: Hardy | H30: 0 | I30: 0 | J30: Splash | K30: Splash | L30: Splash | M30: Splash
C31: Pokémon 6 | D31: ??? | E31: Ability | F31: Item | G31: Hardy | H31: 0 | I31: 0 | J31: Splash | K31: Splash | L31: Splash | M31: Splash
B32: Chuck | C32: Pokémon 1 | D32: ??? | E32: Ability | F32: Item | G32: Hardy | H32: 0 | I32: 0 | J32: Splash | K32: Splash | L32: Splash | M32: Splash
B33: Gym Leader | C33: Pokémon 2 | D33: ??? | E33: Ability | F33: Item | G33: Hardy | H33: 0 | I33: 0 | J33: Splash | K33: Splash | L33: Splash | M33: Splash
C34: Pokémon 3 | D34: ??? | E34: Ability | F34: Item | G34: Hardy | H34: 0 | I34: 0 | J34: Splash | K34: Splash | L34: Splash | M34: Splash
C35: Pokémon 4 | D35: ??? | E35: Ability | F35: Item | G35: Hardy | H35: 0 | I35: 0 | J35: Splash | K35: Splash | L35: Splash | M35: Splash
C36: Pokémon 5 | D36: ??? | E36: Ability | F36: Item | G36: Hardy | H36: 0 | I36: 0 | J36: Splash | K36: Splash | L36: Splash | M36: Splash
C37: Pokémon 6 | D37: ??? | E37: Ability | F37: Item | G37: Hardy | H37: 0 | I37: 0 | J37: Splash | K37: Splash | L37: Splash | M37: Splash
B38: Jasmine | C38: Tangrowth | D38: ??? | E38: Thick Fat | F38: Chople Berry | G38: Bold | H38: 0 | I38: 0 | J38: Giga Drain | K38: Knock Off | L38: Leech Seed | M38: Sticky Web
B39: Gym Leader | C39: Jirachi | D39: ??? | E39: Serence Grace | F39: Leftovers | G39: Jolly | H39: 0 | I39: 0 | J39: Iron Head | K39: Zen Headbutt | L39: Body Slam | M39: Wish
C40: Empoleon | D40: ??? | E40: Queenly Majesty | F40: Air Balloon | G40: Hasty | H40: 0 | I40: 0 | J40: Scald | K40: Knock Off | L40: Flip Turn | M40: Roost
C41: Metagross | D41: ??? | E41: Clear Body | F41: Choice Band | G41: Adamant | H41: 0 | I41: 0 | J41: Meteor Mash | K41: Psychic Fangs | L41: Bullet Punch | M41: Explosion
C42: Magnezone | D42: ??? | E42: Levitate | F42: Sitrus Berry | G42: Calm | H42: 0 | I42: 0 | J42: Thunderbolt | K42: Flash Cannon | L42: Mirror Coat | M42: Thunder Wave
C43: Steelix | D43: ??? | E43: Sheer Force | F43: Steelixite | G43: Impish | H43: 0 | I43: 0 | J43: Gyro Ball | K43: Body Press | L43: Earthquake | M43: Iron Defense
A44: Perma ice | B44: Pryce | C44: Glalie | D44: ??? | E44: Inner Focus | F44: Glalitite | G44: Calm | H44: 0 | I44: 0 | J44: Double Edge | K44: Freeze Dry | L44: Spikes | M44: Explosion
B45: Gym Leader | C45: Regice | D45: ??? | E45: Ice Body | F45: Leftovers | G45: Modest | H45: 0 | I45: 0 | J45: Blizzard | K45: Shock Wave | L45: Focus Blast | M45: Thunder Wave
B46: Double | C46: Weavile | D46: ??? | E46: Inner Focus | F46: Life Orb | G46: Jolly | H46: 0 | I46: 0 | J46: Knock Off | K46: Ice Shard | L46: Dire Claw | M46: Fake Out
C47: Mamoswine | D47: ??? | E47: Slush Rush | F47: Expert Belt | G47: Adamant | H47: 0 | I47: 0 | J47: Glacial Lance | K47: Headlong Rush | L47: Diamond Storm | M47: Zen Headbutt
C48: Jynx | D48: ??? | E48: Forewarn | F48: Ice Plate | G48: Modest | H48: 0 | I48: 0 | J48: Blizzard | K48: Shadow Ball | L48: Instruct | M48: Chilly Reception
C49: Articuno | D49: ??? | E49: Snow Warning | F49: Heavy Boots | G49: Calm | H49: 0 | I49: 0 | J49: Blizzard | K49: Freeze Dry | L49: Bleakwind Storm | M49: Aurora Veil
B50: Clair | C50: Dudunsparce | D50: ??? | E50: Serence Grace | F50: Leftovers | G50: Impish | H50: 0 | I50: 0 | J50: Body Slam | K50: Steamroller | L50: Roost | M50: Stealth Rock
B51: Gym Leader | C51: Charizard | D51: ??? | E51: Blaze | F51: Charizardite X | G51: Jolly | H51: 0 | I51: 0 | J51: Flare Blitz | K51: Dragon Claw | L51: Earthquake | M51: Dragon Dance
C52: Altaria | D52: ??? | E52: Natural Cure | F52: Leftovers | G52: Gentle | H52: 0 | I52: 0 | J52: Draco Meteor | K52: Magical Torque | L52: Defog | M52: Rest
C53: Salamence | D53: ??? | E53: Aerilate | F53: Heavy Duty Boots | G53: Adamant | H53: 0 | I53: 0 | J53: Double-Edge | K53: Glaive Rush | L53: Draco Meteor | M53: Roost
C54: Rayquaza | D54: ??? | E54: Air Lock | F54: Life Orb | G54: Adamant | H54: 0 | I54: 0 | J54: Extreme Speed | K54: Dragon Ascent | L54: V-Create | M54: Dragon Dance
C55: Kingdra | D55: ??? | E55: Swift Swim | F55: Lum Berry | G55: Modest | H55: 0 | I55: 0 | J55: Hydro Steam | K55: Draco Meteor | L55: Ice Beam | M55: Rain Dance
B56: Will | C56: Xatu | D56: ??? | E56: Magic Bounce | F56: Psychic Seed | G56: Calm | H56: 0 | I56: 0 | J56: Expanding Force | K56: U-Turn | L56: Roost | M56: Thunder Wave
B57: Elite Four | C57: Grumpig | D57: ??? | E57: Psychic Surge | F57: Terrarin Extender | G57: Bold | H57: 0 | I57: 0 | J57: Expanding Force | K57: Signal Beam | L57: Reflect | M57: Light Screen
B58: Double | C58: Gallade | D58: ??? | E58: Sharpness | F58: Life Orb | G58: Jolly | H58: 0 | I58: 0 | J58: Sacred Sword | K58: Psycho Cut | L58: Bitter Blade | M58: Swords Dance
C59: Cresselia | D59: ??? | E59: Levitate | F59: Leftovers | G59: Calm | H59: 0 | I59: 0 | J59: Future Sight | K59: Ice Beam | L59: Helping Hand | M59: Lunar Blessing
C60: Exeggutor | D60: ??? | E60: Harvest | F60: Tanga Berry | G60: Modest | H60: 0 | I60: 0 | J60: Egg Bomb | K60: Barrage | L60: Draco Meteor | M60: Psyshock
C61: Gardevoir | D61: ??? | E61: Trace | F61: Gardevoirite | G61: Modest | H61: 0 | I61: 0 | J61: Synchronoise | K61: Thunder Bolt | L61: Shadow Ball | M61: Healing Wish
B62: Koga | C62: Slowbro | D62: ??? | E62: Regenerator | F62: Slowbronite | G62: Sassy | H62: 0 | I62: 0 | J62: Future Sight | K62: Sludge Bomb | L62: Chilly Reception | M62: Toxic Spikes
B63: Elite Four | C63: Toxicroak | D63: ??? | E63: Dry Skin | F63: Life Orb | G63: Jolly | H63: 0 | I63: 0 | J63: Dire Claw | K63: Close Combat | L63: Sucker Punch | M63: Triple Axel
C64: Stunktank | D64: ??? | E64: Aftermath | F64: Custap Berry | G64: Adamant | H64: 0 | I64: 0 | J64: Gunk Shot | K64: Sucker Punch | L64: Recover | M64: Explosion
C65: Muk | D65: ??? | E65: Corrosion | F65: Black Sludge | G65: Careful | H65: 0 | I65: 0 | J65: Knock Off | K65: Drain Punch | L65: Toxic | M65: Baneful Bunker
C66: Gliscor | D66: ??? | E66: Poison Heal | F66: Toxic Orb | G66: Impish | H66: 0 | I66: 0 | J66: Earthquake | K66: U-Turn | L66: Haze | M66: Protect
C67: Venomoth | D67: ??? | E67: Tinted Lens | F67: Life Orb | G67: Modest | H67: 0 | I67: 0 | J67: Malignant Chain | K67: Bug Buzz | L67: Fiery Dance | M67: Quiver Dance
B68: Bruno | C68: Sirfetch'd | D68: ??? | E68: Inner Focus | F68: Heavy Duty Boots | G68: Jolly | H68: 0 | I68: 0 | J68: First Impression | K68: Meteor Assault | L68: Brave Bird | M68: U-Turn
B69: Elite Four | C69: Lucario | D69: ??? | E69: Mega Launcher | F69: Choice Specs | G69: Timid | H69: 0 | I69: 0 | J69: Aura Sphere | K69: Flash Cannon | L69: Dark Pulse | M69: Energy Ball
C70: Tauros | D70: ??? | E70: Cud Chew | F70: Sitrus Berry | G70: Jolly | H70: 0 | I70: 0 | J70: Close Combat | K70: Wave Crush | L70: Flare Blitz | M70: Trailblaze
C71: Swampert | D71: ??? | E71: Damp | F71: Swamperite | G71: Impish | H71: 0 | I71: 0 | J71: Waterfall | K71: Earthquake | L71: Ice Beam | M71: Surf
C72: Annihilape | D72: ??? | E72: Defiant | F72: Leftovers | G72: Careful | H72: 0 | I72: 0 | J72: Rage Fist | K72: Drain Punch | L72: Earthquake | M72: Bulk Up
C73: Machamp | D73: ??? | E73: No Guard | F73: Assault Vest | G73: Adamant | H73: 0 | I73: 0 | J73: Dynamic Punch | K73: Stone Edge | L73: Darkest Lariat | M73: Bullet Punch
B74: Karen | C74: Honchkrow | D74: ??? | E74: Prankster | F74: Focus Sash | G74: Bold | H74: 0 | I74: 0 | J74: Dark Pulse | K74: Aeroblast | L74: Encore | M74: Tailwind
B75: Elite Four | C75: Drapion | D75: ??? | E75: Sniper | F75: Choice Band | G75: Jolly | H75: 0 | I75: 0 | J75: Poison Jab | K75: Knock Off | L75: Pursuit | M75: Earthquake
C76: Absol | D76: ??? | E76: Pressure | F76: Absolite | G76: Adamant | H76: 0 | I76: 0 | J76: Sucker Punch | K76: Mighty Cleave | L76: Psyblade | M76: Swords Dance
C77: Houndoom | D77: ??? | E77: Flash Fire | F77: Life Orb | G77: Timid | H77: 0 | I77: 0 | J77: Flamethrower | K77: Fiery Wrath | L77: Sludge Bomb | M77: Will-O-Wisp
C78: Tyranitar | D78: ??? | E78: Sand Stream | F78: Chople Berry | G78: Adamant | H78: 0 | I78: 0 | J78: Crunch | K78: Pursuit | L78: Earthquake | M78: Superpower | N78: Parasect | O78: ??? | P78: Damp | Q78: Custap Berry | R78: Jolly | S78: 0 | T78: 0 | U78: X-Scissor | V78: Psycho Cut | W78: Ivy Cudgel | X78: Spore
C79: Darkrai | D79: ??? | E79: Bad Dreams | F79: Focus Sash | G79: Timid | H79: 0 | I79: 0 | J79: Wicked Torque | K79: Ice Beam | L79: Focus Blast | M79: Nasty Plot
B80: Lance | C80: Gyarados | D80: ??? | E80: Intimidate | F80: Wacan Berry | G80: Impish | H80: 31 All | J80: Wave Crash | K80: Dragon Ascent | L80: Flip Turn | M80: Thunder Wave
B81: Champion | C81: Aerodactyl | D81: ??? | E81: Rock Head | F81: Aerodactylite | G81: Jolly | H81: 31 All | I81: 0 | J81: Stone Edge | K81: Flying Press | L81: Pursuit | M81: Roost
C82: Aggron | D82: ??? | E82: Filter | F82: Assault Vest | G82: Sassy | H82: 31 All | I82: 0 | J82: Double Iron Bash | K82: Body Press | L82: Fire Punch | M82: Salt Cure
C83: Lapras | D83: ??? | E83: Liquid Voice | F83: Leftovers | G83: Calm | H83: 31 All | I83: 0 | J83: Hyper Voice | K83: Freeze Dry | L83: Psychic Noise | M83: Heal Bell
C84: Donphan | D84: ??? | E84: Moxie | F84: White Herb | G84: Jolly | H84: 31 All | I84: 0 | J84: Close Combat | K84: Headlong Rush | L84: Ice Spinner | M84: Rapid Spin
C85: Dragonite | D85: ??? | E85: Multiscale | F85: Life Orb | G85: Adamant | H85: 31 All | I85: 0 | J85: Extreme Speed | K85: Superpower | L85: Foul Play | M85: Swords Dance
B86: Lt. Surge | C86: Jolteon | D86: ??? | E86: Hadron Engine | F86: Terrain Extender | G86: Timid | H86: 0 | I86: 0 | J86: Shock Wave | K86: Hyper Voice | L86: Wish | M86: Volt Switch
B87: Gym Leader | C87: Zapdos | D87: ??? | E87: Drizzle | F87: Damp Rock | G87: Bold | H87: 0 | I87: 0 | J87: Thunder | K87: Defog | L87: Roost | M87: Volt Switch | N87: ??? | O87: Drizzle | P87: Damp Rock | Q87: Bold | R87: 0 | T87: Thunder | U87: Defog | V87: Roost | W87: Volt Switch
B88: Double | C88: Manectric | D88: ??? | E88: Static | F88: Manetricite | G88: Mild | H88: 0 | I88: 0 | J88: Windbolt Stream | K88: Thunderclap | L88: Glacial Lance | M88: Volt Switch
C89: Raichu | D89: ??? | E89: Surge Surfer | F89: Air Balloon | G89: Modest | H89: 0 | I89: 0 | J89: Rising Voltage | K89: Psychic | L89: Surf | M89: Grass Knot
C90: Electrode | D90: ??? | E90: Transistor | F90: Life Orb | G90: Modest | H90: 0 | I90: 0 | J90: Zap Cannon | K90: Steel Beam | L90: Core Enforcer | M90: Weather Ball
C91: Electivire | D91: ??? | E91: Motor Drive | F91: Shell Bell | G91: Hasty | H91: 0 | I91: 0 | J91: Plasma Fists | K91: Cross Chop | L91: Ice Punch | M91: Flamethrower
B92: Sabrina | C92: Pokémon 1 | D92: ??? | E92: Ability | F92: Item | G92: Hardy | H92: 0 | I92: 0 | J92: Splash | K92: Splash | L92: Splash | M92: Splash
B93: Gym Leader | C93: Pokémon 2 | D93: ??? | E93: Ability | F93: Item | G93: Hardy | H93: 0 | I93: 0 | J93: Splash | K93: Splash | L93: Splash | M93: Splash
C94: Pokémon 3 | D94: ??? | E94: Ability | F94: Item | G94: Hardy | H94: 0 | I94: 0 | J94: Splash | K94: Splash | L94: Splash | M94: Splash
C95: Pokémon 4 | D95: ??? | E95: Ability | F95: Item | G95: Hardy | H95: 0 | I95: 0 | J95: Splash | K95: Splash | L95: Splash | M95: Splash
C96: Pokémon 5 | D96: ??? | E96: Ability | F96: Item | G96: Hardy | H96: 0 | I96: 0 | J96: Splash | K96: Splash | L96: Splash | M96: Splash
C97: Pokémon 6 | D97: ??? | E97: Ability | F97: Item | G97: Hardy | H97: 0 | I97: 0 | J97: Splash | K97: Splash | L97: Splash | M97: Splash
B98: Erika | C98: Pokémon 1 | D98: ??? | E98: Ability | F98: Item | G98: Hardy | H98: 0 | I98: 0 | J98: Splash | K98: Splash | L98: Splash | M98: Splash
B99: Gym Leader | C99: Pokémon 2 | D99: ??? | E99: Ability | F99: Item | G99: Hardy | H99: 0 | I99: 0 | J99: Splash | K99: Splash | L99: Splash | M99: Splash
C100: Pokémon 3 | D100: ??? | E100: Ability | F100: Item | G100: Hardy | H100: 0 | I100: 0 | J100: Splash | K100: Splash | L100: Splash | M100: Splash
...

Sheet Trainer Fights
A1: Location | B1: Trainer | C1: Pokémon | D1: Level | E1: Ability | F1: Item | G1: Nature | H1: IVs | I1: EVs | J1: Move 1 | K1: Move 2 | L1: Move 3 | M1: Move 4 | P1: Header Palette generated by PokémonPallete.com
B2: Name | C2: Pokémon 1 | D2: ??? | E2: Ability | F2: Item | G2: Hardy | H2: 0 | I2: 0 | J2: Splash | K2: Splash | L2: Splash | M2: Splash
C3: Pokémon 2 | D3: ??? | E3: Ability | F3: Item | G3: Hardy | H3: 0 | I3: 0 | J3: Splash | K3: Splash | L3: Splash | M3: Splash
C4: Pokémon 2 | D4: ??? | E4: Ability | F4: Item | G4: Hardy | H4: 0 | I4: 0 | J4: Splash | K4: Splash | L4: Splash | M4: Splash
C5: Pokémon 4 | D5: ??? | E5: Ability | F5: Item | G5: Hardy | H5: 0 | I5: 0 | J5: Splash | K5: Splash | L5: Splash | M5: Splash
C6: Pokémon 5 | D6: ??? | E6: Ability | F6: Item | G6: Hardy | H6: 0 | I6: 0 | J6: Splash | K6: Splash | L6: Splash | M6: Splash
C7: Pokémon 6 | D7: ??? | E7: Ability | F7: Item | G7: Hardy | H7: 0 | I7: 0 | J7: Splash | K7: Splash | L7: Splash | M7: Splash
B8: Name | C8: Pokémon 1 | D8: ??? | E8: Ability | F8: Item | G8: Hardy | H8: 0 | I8: 0 | J8: Splash | K8: Splash | L8: Splash | M8: Splash
C9: Pokémon 2 | D9: ??? | E9: Ability | F9: Item | G9: Hardy | H9: 0 | I9: 0 | J9: Splash | K9: Splash | L9: Splash | M9: Splash
C10: Pokémon 2 | D10: ??? | E10: Ability | F10: Item | G10: Hardy | H10: 0 | I10: 0 | J10: Splash | K10: Splash | L10: Splash | M10: Splash
C11: Pokémon 4 | D11: ??? | E11: Ability | F11: Item | G11: Hardy | H11: 0 | I11: 0 | J11: Splash | K11: Splash | L11: Splash | M11: Splash
C12: Pokémon 5 | D12: ??? | E12: Ability | F12: Item | G12: Hardy | H12: 0 | I12: 0 | J12: Splash | K12: Splash | L12: Splash | M12: Splash
C13: Pokémon 6 | D13: ??? | E13: Ability | F13: Item | G13: Hardy | H13: 0 | I13: 0 | J13: Splash | K13: Splash | L13: Splash | M13: Splash
B14: Name | C14: Pokémon 1 | D14: ??? | E14: Ability | F14: Item | G14: Hardy | H14: 0 | I14: 0 | J14: Splash | K14: Splash | L14: Splash | M14: Splash
C15: Pokémon 2 | D15: ??? | E15: Ability | F15: Item | G15: Hardy | H15: 0 | I15: 0 | J15: Splash | K15: Splash | L15: Splash | M15: Splash
C16: Pokémon 2 | D16: ??? | E16: Ability | F16: Item | G16: Hardy | H16: 0 | I16: 0 | J16: Splash | K16: Splash | L16: Splash | M16: Splash
C17: Pokémon 4 | D17: ??? | E17: Ability | F17: Item | G17: Hardy | H17: 0 | I17: 0 | J17: Splash | K17: Splash | L17: Splash | M17: Splash
C18: Pokémon 5 | D18: ??? | E18: Ability | F18: Item | G18: Hardy | H18: 0 | I18: 0 | J18: Splash | K18: Splash | L18: Splash | M18: Splash
C19: Pokémon 6 | D19: ??? | E19: Ability | F19: Item | G19: Hardy | H19: 0 | I19: 0 | J19: Splash | K19: Splash | L19: Splash | M19: Splash
B20: Name | C20: Pokémon 1 | D20: ??? | E20: Ability | F20: Item | G20: Hardy | H20: 0 | I20: 0 | J20: Splash | K20: Splash | L20: Splash | M20: Splash
C21: Pokémon 2 | D21: ??? | E21: Ability | F21: Item | G21: Hardy | H21: 0 | I21: 0 | J21: Splash | K21: Splash | L21: Splash | M21: Splash
C22: Pokémon 2 | D22: ??? | E22: Ability | F22: Item | G22: Hardy | H22: 0 | I22: 0 | J22: Splash | K22: Splash | L22: Splash | M22: Splash
C23: Pokémon 4 | D23: ??? | E23: Ability | F23: Item | G23: Hardy | H23: 0 | I23: 0 | J23: Splash | K23: Splash | L23: Splash | M23: Splash
C24: Pokémon 5 | D24: ??? | E24: Ability | F24: Item | G24: Hardy | H24: 0 | I24: 0 | J24: Splash | K24: Splash | L24: Splash | M24: Splash
C25: Pokémon 6 | D25: ??? | E25: Ability | F25: Item | G25: Hardy | H25: 0 | I25: 0 | J25: Splash | K25: Splash | L25: Splash | M25: Splash
B26: Name | C26: Pokémon 1 | D26: ??? | E26: Ability | F26: Item | G26: Hardy | H26: 0 | I26: 0 | J26: Splash | K26: Splash | L26: Splash | M26: Splash
C27: Pokémon 2 | D27: ??? | E27: Ability | F27: Item | G27: Hardy | H27: 0 | I27: 0 | J27: Splash | K27: Splash | L27: Splash | M27: Splash
C28: Pokémon 2 | D28: ??? | E28: Ability | F28: Item | G28: Hardy | H28: 0 | I28: 0 | J28: Splash | K28: Splash | L28: Splash | M28: Splash
C29: Pokémon 4 | D29: ??? | E29: Ability | F29: Item | G29: Hardy | H29: 0 | I29: 0 | J29: Splash | K29: Splash | L29: Splash | M29: Splash
C30: Pokémon 5 | D30: ??? | E30: Ability | F30: Item | G30: Hardy | H30: 0 | I30: 0 | J30: Splash | K30: Splash | L30: Splash | M30: Splash
C31: Pokémon 6 | D31: ??? | E31: Ability | F31: Item | G31: Hardy | H31: 0 | I31: 0 | J31: Splash | K31: Splash | L31: Splash | M31: Splash
B32: Name | C32: Pokémon 1 | D32: ??? | E32: Ability | F32: Item | G32: Hardy | H32: 0 | I32: 0 | J32: Splash | K32: Splash | L32: Splash | M32: Splash
C33: Pokémon 2 | D33: ??? | E33: Ability | F33: Item | G33: Hardy | H33: 0 | I33: 0 | J33: Splash | K33: Splash | L33: Splash | M33: Splash
C34: Pokémon 2 | D34: ??? | E34: Ability | F34: Item | G34: Hardy | H34: 0 | I34: 0 | J34: Splash | K34: Splash | L34: Splash | M34: Splash
C35: Pokémon 4 | D35: ??? | E35: Ability | F35: Item | G35: Hardy | H35: 0 | I35: 0 | J35: Splash | K35: Splash | L35: Splash | M35: Splash
C36: Pokémon 5 | D36: ??? | E36: Ability | F36: Item | G36: Hardy | H36: 0 | I36: 0 | J36: Splash | K36: Splash | L36: Splash | M36: Splash
C37: Pokémon 6 | D37: ??? | E37: Ability | F37: Item | G37: Hardy | H37: 0 | I37: 0 | J37: Splash | K37: Splash | L37: Splash | M37: Splash
B38: Name | C38: Rhyperior | D38: ??? | E38: Rock Head | F38: Rindo Berry | G38: Adamant | H38: 0 | I38: 0 | J38: Head Smash | K38: Earthquake | L38: Submission | M38: Megahorn
B39: Double | C39: Gastrodon East | D39: ??? | E39: Storm Drain | F39: Air Balloon | G39: Calm | H39: 0 | I39: 0 | J39: Sludge Wave | K39: Muddy Water | L39: Infestation | M39: Clear Smog
C40: Gastrodon West | D40: ??? | E40: Storm Drain | F40: Air Balloon | G40: Calm | H40: 0 | I40: 0 | J40: Surf | K40: Earth Power | L40: Ice Beam | M40: Pain Split
C41: Lumenion | D41: ??? | E41: Storm Drain | F41: Leftovers | G41: Modest | H41: 0 | I41: 0 | J41: Surf | K41: Ominous Wind | L41: Alluring Voice | M41: Safe Guard | N41: ??? | O41: Pressure | P41: Life Orb | Q41: Bold | R41: 0 | S41: Water Spout | T41: Heavy Slam | U41: Heat Crash | V41: Self-Destruct
C42: Pokémon 5 | D42: ??? | E42: Ability | F42: Item | G42: Hardy | H42: 0 | I42: 0 | J42: Splash | K42: Splash | L42: Splash | M42: Splash
C43: Pokémon 6 | D43: ??? | E43: Ability | F43: Item | G43: Hardy | H43: 0 | I43: 0 | J43: Splash | K43: Splash | L43: Splash | M43: Splash

Sheet Encounters
A1: Name | B1: Area | C1: Mon 1 | D1: Chance | E1: Mon 2 | F1: Chance | G1: Mon 3 | H1: Chance | I1: Mon 4 | J1: Chance | K1: Mon 5 | L1: Chance | M1: Mon 6 | N1: Chance | O1: Mon 7 | P1: Chance | Q1: Mon 8 | R1: Chance | S1: Mon 9 | T1: Chance | U1: Mon 10 | V1: Chance | W1: Mon 11 | X1: Chance | Y1: Mon 12

Sheet Moves
A1: Name | B1: Type | C1: Category | D1: Power | E1: Effect | F1: Accuracy | G1: PP | H1: Target | I1: Other | J1: What changed | K1: Header Palette generated by PokémonPallete.com | M1: Name | N1: Type | O1: Category | P1: Power | Q1: Effect | R1: Accuracy | S1: PP | T1: Target
A2: Egg Bomb | B2: Grass | C2: Special | D2: 100 | E2: N/A | F2: 100 | G2: 10 | H2: Single | J2: Special, Grass, 100 acc
A3: Barrage | B3: Psychic | C3: Special | D3: 20 | E3: Hit 3 times, Power+ per hit | F3: 100 | G3: 10 | H3: Single | I3: Now called "Psychic Barrage". Works like Triple Axel. Now Smart in contests. | J3: Rework
A4: X-Scissor | B4: Bug | C4: Physical | D4: 90 | E4: N/A | F4: 100 | G4: 15 | H4: Single | I4: maybe 85 if it too strong | J4: 10+ power | K4: Was gonna use Smeargle's but it was a bit bland for me as you can see
A5: Snarl | B5: Dark | C5: Special | D5: 60 | E5: Lowers Foe's SPATK | F5: 100 | G5: 15 | H5: Both | I5: a dark special attack that isnt dark pulse is neat as I want to reduce the amount of overall coverage to nerf choice users | J5: -5 power, 100 acc
A6: Surf | B6: Water | C6: Special | D6: 70 | E6: N/A | F6: 100 | G6: 15 | H6: Both | I6: I hate hydro pump because surf is already so powerful + hitting both is insane for such a solid defensive type | J6: -20 power | K6: Bold moves mean they are new moves
A7: Ice Beam | B7: Ice | C7: Special | D7: 85 | E7: Chance of Freeze | F7: 100 | G7: 10 | H7: Single | I7: the age of special coverage doing insane coverage has come to an end | J7: -5 power
A8: Thunderbolt | B8: Electric | C8: Special | D8: 85 | E8: Chance of Para | F8: 100 | G8: 15 | H8: Single | I8: I always felt like because of these moves, special attackers had a much bigger advantage over physical attackers | J8: -5 power
A9: Flamethrower | B9: Fire | C9: Special | D9: 85 | E9: Chance of Burn | F9: 100 | G9: 15 | H9: Single | I9: I also feel like ice, water and fire types are underappreciated for their stab cause the coverage is just so good | J9: -5 power
A10: Psychic | B10: Psychic | C10: Special | D10: 85 | E10: May Enemy SPD- | F10: 100 | G10: 10 | H10: Single | I10: Im open to reverting these, psychic is probably the most likely to revert anyway | J10: -5 power
A11: Constrict | B11: Grass | C11: Physical | D11: 45 | E11: -SPE | F11: 100 | G11: 30 | H11: Single | I11: neat coverage + variance | J11: Grass, -5 pp
A12: Fire Spin | B12: Fire | C12: Special | D12: 70 | E12: Binding | F12: 100 | G12: 15 | H12: Single | I12: trapping moves SUCK and geniuenly have no purpose | J12: +5 power, 100 acc
A13: Clamp | B13: Water | C13: Physical | D13: 70 | E13: Binding | F13: 100 | G13: 15 | H13: Single | I13: they are used less than the base 40 power moves because of their lack of consistency and you end having less damage overall | J13: +35 power, 100 acc
A14: Bind | B14: Poison | C14: Physical | D14: 70 | E14: Binding | F14: 100 | G14: 20 | H14: Single | J14: Poison, +15 power 100 acc
A15: Infestation | B15: Bug | C15: Special | D15: 30 | E15: Prevents healing | F15: 100 | G15: 20 | H15: Single | J15: +10 power, Psychic Noise
A16: Sand Tomb | B16: Ground | C16: Physical | D16: 70 | E16: Binding | F16: 100 | G16: 15 | H16: Single | J16: 100 acc
A17: Whirlpool | B17: Water | C17: Special | D17: 70 | E17: Binding | F17: 100 | G17: 15 | H17: Single | J17: 100 acc
A18: Knock Off | B18: Dark | C18: Physical | D18: 50 | E18: Knock Off Item | F18: 100 | G18: 5 | H18: Single | I18: turning this move into a nuclear bomb was the worst move change of all time | J18: -15 power, -15 pp
A19: Poison Sting | B19: Poison | C19: Physical | D19: 40 | E19: Chance of Poison | F19: 100 | G19: 35 | H19: Single | I19: such a common starting move just to suck that much | J19: +15 power
A20: Rage | B20: Fighting | C20: Physical | D20: 45 | E20: +ATK on being Hit | F20: 100 | G20: 20 | H20: Single | I20: is this even gonna help?? | J20: Fighting type +25
A21: Razor Wind | B21: Flying | C21: Status | D21: N/A | E21: Ally +ATK, Enemy -DEF | F21: N/A | G21: 1 | H21: All | J21: Spicy Extract
A22: Slam | B22: Grass | C22: Physical | D22: 80 | E22: N/A | F22: 90 | G22: 20 | H22: Single | I22: pointless move, trying to give purpose, open to ideas (with all of these) | J22: Grass, 90 acc
A23: Snore | B23: Normal | C23: Physical | D23: 100 | E23: May Flinch | F23: 100 | G23: 10 | H23: Single | I23: why do they make such a niche move in concept so bad | J23: +60 power, -5 pp
A24: Synchronoise | B24: Psychic | C24: Special | D24: 100 | E24: 1/2 HP Recoil | F24: 100 | G24: 10 | H24: All but User | I24: can't wait to see this nuke in action | J24: Rework
A25: Octazooka | B25: Water | C25: Special | D25: 100 | E25: May ACC- | F25: 95 | G25: 10 | H25: Single | J25: +40 power, +10 acc
A26: Bide | B26: Fighting | C26: Physical | D26: N/A | E26: Bide | F26: N/A | G26: 10 | H26: Self | I26: is this even gonna help??
A27: Submission | B27: Fighting | C27: Physical | D27: 110 | E27: 1/4 DMG Recoil | F27: 100 | G27: 20 | H27: Single | J27: +30 power, 100 acc
A28: Kinesis | B28: Psychic | C28: Special | D28: 80 | E28: N/A | F28: 100 | G28: 20 | H28: Single | I28: will be 2x vs steel when i can work out how | J28: rework
A29: Sharpen | B29: Normal | C29: Status | D29: N/A | E29: +SPA, +SPD, +SPE | F29: N/A | G29: 1 | H29: Self | I29: why porygon sucks as it is why give it a useless signature | J29: Quiver Dance
A30: Thunderclap | B30: Electric | C30: Special | D30: 60 | E30: +PRIO if Target ATK | F30: 100 | G30: 5 | H30: Single | J30: -20 power
A31: Hidden Power | B31: Normal | C31: Special | D31: 65 | E31: you know what it does | F31: 100 | G31: 15 | H31: Single | I31: imo 70 is too strong, 60 is too weak | J31: +5 power
A32: Fly | B32: Flying | C32: Physical | D32: 110 | E32: 2 Turn | F32: 95 | G32: 15 | H32: Single | J32: +20 Power
A33: Crush Claw | B33: Normal | C33: Physical | D33: 85 | E33: 50% -DEF | F33: 95 | G33: 10 | H33: Single | J33: +10 Power
A34: Heart Stamp | B34: Psychic | C34: Special | D34: 90 | E34: 30% Confuse | F34: 100 | G34: 15 | H34: Single | J34: +30 Power, Special
A35: Wicked Torque | B35: Dark | C35: Special | D35: 80 | E35: 40% Sleep | F35: 100 | G35: 10 | H35: Single | I35: Darkrai signature | J35: +30% chance effect, Special
A36: Light of Ruin | B36: Psychic | C36: Special | D36: 140 | E36: 30% Recoil | F36: 100 | G36: 5 | H36: All | I36: unown, solrock | J36: Rework | K36: the rock and letters suck
A37: Spike Cannon | B37: Steel | C37: Physical | D37: 20 | E37: Hits 2-5 times | F37: 100 | G37: 15 | H37: Single
A38: Spit Up | B38: Poison | C38: Special | D38: 1 | E38: 100-300 Stockpiles Power | F38: 100 | G38: 10 | H38: Single
A39: Moonblast | B39: Dark | C39: Special | D39: 95 | E39: May -SPATK Enemy | F39: 10 | G39: 15 | H39: Single | I39: Lunatone :) | K39: the rock sucks
A40: Freeze Shock | B40: Ice | C40: Special | D40: 120 | E40: 30% Para, 25% recoil | F40: 100 | G40: 5 | H40: Single | I40: Pachirishu | J40: ice volt tackle | K40: the mouse sucks
A41: Volt Tacke | B41: Electric | C41: Physical | D41: 120 | E41: 30% Para, 30% Recoil | F41: 100 | G41: 5 | H41: Single | J41: -5 PP, +20% para
A42: Zapplosion | B42: Electric | C42: Special | D42: 150 | E42: Self faints | F42: 100 | G42: 1 | H42: All | I42: electrode | K42: the ball sucks
A43: Bonemerang | B43: Ground | C43: Physical | D43: 55 | E43: Hits twice | F43: 95 | G43: 10 | H43: Single | I43: no reason over eq | J43: +5 power, +5 acc | K43: the child sucks
A44: Present | B44: Ice | C44: Physical | D44: 100 | E44: Heals User Half of Damage | F44: 100 | G44: 5 | H44: Single | I44: delibird, get it cause like the present is for deliberd itself idk, delibird needs some love | J44: rework | K44: the bird sucks
A45: Guillotine | B45: Steel | C45: Physical | D45: 150 | E45: 50% HP recoil | F45: 100 | G45: 5 | H45: Single | I45: kingler, crawdaunt, gliscor | J45: rework | K45: the crabs suck
A46: Sheer Cold | B46: Ice | C46: Special | D46: 135 | E46: 50% HP recoil | F46: 100 | G46: 5 | H46: Single | I46: regice, glalie | J46: rework | K46: the ice sucks
A47: Fury Attack | B47: Flying | C47: Physical | D47: 15 | E47: Hits 2-5 times | F47: 85 | G47: 20 | H47: Single | J47: Bug
A48: Comet Punch | B48: Fighting | C48: Physical | D48: 18 | E48: Hits 2-5 times | F48: 85 | G48: 15 | H48: Single | J48: Fighting
A49: Cut | B49: Grass | C49: Physical | D49: 50 | E49: 1/8 Crit | F49: 95 | G49: 25 | H49: Single
A50: Strength | B50: Fighting | C50: Physical | D50: 80 | E50: N/A | F50: 100 | G50: 15 | H50: Single
A51: Flash | B51: Electric | C51: Special | D51: 60 | E51: 50% -ACC | F51: 100 | G51: 20 | H51: Both
A52: Rock Climb | B52: Rock | C52: Physical | D52: 90 | E52: 20% Confuse | F52: 85 | G52: 20 | H52: Single
A53: Rock Smash | B53: Fighting | C53: Physical | D53: 40 | E53: 40% -DEF | F53: 100 | G53: 5 | H53: Single
A54: Draining Kiss | B54: Psychic | C54: Special | D54: 70 | E54: Heals User Half of Damage | F54: 100 | G54: 10 | H54: Single | J54: Normal
A55: Double-Edge | B55: Normal | C55: Physical | D55: 130 | E55: 1/3 DMG Recoil | F55: 100 | G55: 15 | H55: Single | J55: +10 Power
A56: Steam Eurption | B56: Fire | C56: Special | D56: 80 | E56: 50% Boost in Rain. Null Type reduction. | F56: 100 | G56: 15 | H56: Single
A57: Stealth Rock | B57: Rock | C57: Status | D57: N/'A | E57: +1 Prio | F57: N/A | G57: 1 | H57: Both | J57: prio, 1 PP
A58: Spikes | B58: Ground | C58: Status | D58: N/A | E58: N/A | F58: N/A | G58: 3 | H58: Both
A59: Toxic Spikes | B59: Poison | C59: Status | D59: N/A | E59: N/A | F59: N/A | G59: 2 | H59: Both
A60: Quiver Dance | B60: Bug | C60: Status | D60: N/A | E60: N/A | F60: N/A | G60: 1 | H60: Self
A61: Swords Dance | B61: Normal | C61: Status | D61: N/A | E61: N/A | F61: N/A | G61: 1 | H61: Self

Sheet Items
A1: Name | B1: Effect | C1: Who | F1: Header Palette generated by PokémonPallete.com
A2: Choice Scarf | B2: 30% SPE boost
A3: Choice Band | B3: 30% ATK boost
A4: Choice Specs | B4: 30% SPA boost
A5: Deep Sea Tooth | B5: Move power 50% boost | C5: Clamperl, Huntail
A6: Deep Sea Scale | B6: DEF, SPD 50% boost | C6: Clamperl, Gorebyss

Sheet Abilities
A1: Name | B1: Effect | C1: Notes | D1: Signature | F1: Header Palette generated by PokémonPallete.com
A2: Run Away | B2: This mon ignores Shadow Tag, Arena Trap, Magnet Pull | C2: Want to include to trapping moves e.g. whirlpool
A3: Fortress Face | B3: Immune to Fighting Type Moves | C3: Want to make it deal recoil but can't work out how | D3: Shieldon | F3: Bold abilites mean they are new abilities
A4: Cephalalgia Surge | B4: Doubles SPA. | C4: Special Huge Power | D4: Psyduck
A5: Harvest Winds | B5: 25% Boost on Grass & Flying Moves | D5: Tropius
A6: Lethal Legs | B6: 30% Boost on Kicking Moves | D6: Hitmonlee
A7: Eurptive Might | B7: +1 PRIO on Fire Moves when Full HP | D7: Entei
A8: Rivalry | B8: 125% vs same gender, 75% vs opposite gender | C8: will change the % based on feedback
A9: Iron Fist | B9: 30% Boost on Punching Moves
A10: Sharpness | B10: 30% Boost on Slicing Moves
A11: Toxic Boost | B11: 30%+ ATK, 30%+ SPE | D11: Zangoose
A12: Illuminate | B12: Multiply ACC by 1.3
A13: Compound Eyes | B13: Multiply ACC by 1.5 | C13: Buffed cause mostly util that gets 99%
A14: Wonderskin | B14: ACC of Status Moves 0% | C14: purifying salt at home
A15: Battery | B15: Ally SPA+ 40%
A16: Slow Start | B16: 3 Turns to 'Get it going' | C16: Regi can't learn Protect
A17: Big Pecks | B17: Prevents lower of ATK and DEF
A18: Guts | B18: 40% ATK Boost

Sheet TMs
A1: Number | B1: Name | C1: Location | G1: Header Palette generated by PokémonPallete.com

Sheet Other
A1: Name | B1: Change
A2: Grassy Terrain | B2: Reduce Ground + Flying move damage by 20%. Removed the earthquake stuff

Sheet Type Chart
C1: Defending Type | V1: Found from a google search
C2: NORMAL | D2: FIGHTING | E2: FLYING | F2: POISON | G2: GROUND | H2: ROCK | I2: BUG | J2: GHOST | K2: STEEL | L2: FIRE | M2: WATER | N2: GRASS | O2: ELECTRIC | P2: PSYCHIC | Q2: ICE | R2: DRAGON | S2: DARK
A3: Attacking Type | B3: NORMAL | C3: 1× | D3: 1× | E3: 1× | F3: 1× | G3: 1× | H3: ½× | I3: 1× | J3: 0× | K3: ½× | L3: 1× | M3: 1× | N3: 1× | O3: 1× | P3: 1× | Q3: 1× | R3: 1× | S3: 1×
B4: FIGHTING | C4: 2× | D4: 1× | E4: ½× | F4: ½× | G4: 1× | H4: 2× | I4: ½× | J4: 0× | K4: 2× | L4: 1× | M4: 1× | N4: 1× | O4: 1× | P4: ½× | Q4: 2× | R4: 1× | S4: 2×
B5: FLYING | C5: 1× | D5: 2× | E5: 1× | F5: 1× | G5: 1× | H5: ½× | I5: 2× | J5: 1× | K5: ½× | L5: 1× | M5: 1× | N5: 2× | O5: ½× | P5: 1× | Q5: 1× | R5: 1× | S5: 1×
B6: POISON | C6: 1× | D6: 1× | E6: 1× | F6: ½× | G6: ½× | H6: ½× | I6: 1× | J6: ½× | K6: 0× | L6: 1× | M6: 2× | N6: 2× | O6: 1× | P6: 1× | Q6: 1× | R6: 1× | S6: 1×
B7: GROUND | C7: 1× | D7: 1× | E7: 0× | F7: 2× | G7: 1× | H7: 2× | I7: ½× | J7: 1× | K7: 2× | L7: 2× | M7: 1× | N7: ½× | O7: 2× | P7: 1× | Q7: 1× | R7: 1× | S7: 1×
B8: ROCK | C8: 1× | D8: ½× | E8: 2× | F8: 1× | G8: ½× | H8: 1× | I8: 2× | K8: ½× | L8: 2× | M8: 1× | N8: 1× | O8: 1× | P8: 1× | Q8: 2× | R8: 1× | S8: 1×
B9: BUG | C9: 1× | D9: ½× | E9: ½× | F9: ½× | G9: 1× | H9: 1× | I9: 1× | J9: ½× | K9: ½× | L9: ½× | M9: 1× | N9: 2× | O9: 1× | P9: 2× | Q9: 1× | R9: 1× | S9: 2×
B10: GHOST | C10: 0× | D10: 1× | E10: 1× | F10: 1× | G10: 1× | H10: 1× | I10: 1× | J10: 2× | K10: 1× | L10: 1× | M10: 1× | N10: 1× | O10: 1× | P10: 2× | Q10: 1× | R10: 1× | S10: ½×
B11: STEEL | C11: 1× | D11: 1× | E11: 1× | F11: 1× | G11: 1× | H11: 2× | I11: 1× | J11: 1× | K11: ½× | L11: ½× | M11: ½× | N11: 1× | O11: ½× | P11: 1× | Q11: 2× | R11: 1× | S11: 1×
B12: FIRE | C12: 1× | D12: 1× | E12: 1× | F12: 1× | G12: 1× | H12: ½× | I12: 2× | J12: 1× | K12: 2× | L12: ½× | M12: ½× | N12: 2× | O12: 1× | P12: 1× | Q12: 2× | R12: ½× | S12: 1×
B13: WATER | C13: 1× | D13: 1× | E13: 1× | F13: 1× | G13: 2× | H13: 2× | I13: 1× | J13: 1× | K13: 1× | L13: 2× | M13: ½× | N13: ½× | O13: 1× | P13: 1× | Q13: ½× | R13: ½× | S13: 1×
B14: GRASS | C14: 1× | D14: 1× | E14: ½× | F14: ½× | G14: 2× | H14: 2× | I14: ½× | J14: 1× | K14: ½× | L14: ½× | M14: 2× | N14: ½× | O14: 1× | P14: 1× | Q14: 1× | R14: ½× | S14: 1×
B15: ELECTRIC | C15: 1× | D15: 1× | E15: 2× | F15: 1× | G15: 0× | H15: 1× | I15: 1× | J15: 1× | K15: 1× | L15: 1× | M15: 2× | N15: ½× | O15: ½× | P15: 1× | Q15: 1× | R15: ½× | S15: 1×
B16: PSYCHIC | C16: 1× | D16: 2× | E16: 1× | F16: 2× | G16: 1× | H16: 1× | I16: 1× | K16: ½× | L16: 1× | M16: 1× | N16: 1× | O16: 1× | P16: ½× | Q16: 1× | R16: 1× | S16: 0×
B17: ICE | C17: 1× | D17: 1× | E17: 2× | F17: 1× | G17: 2× | H17: ½× | I17: 1× | J17: 1× | K17: ½× | L17: ½× | M17: ½× | N17: 2× | O17: 1× | P17: 1× | Q17: ½× | R17: 2× | S17: 1×
B18: DRAGON | C18: 1× | D18: 1× | E18: 1× | F18: 1× | G18: 1× | H18: 1× | I18: 1× | J18: 1× | K18: ½× | L18: 1× | M18: 1× | N18: 1× | O18: 1× | P18: 1× | Q18: ½× | R18: 2× | S18: 1×
B19: DARK | C19: 1× | D19: ½× | E19: 1× | F19: 1× | G19: 1× | H19: 1× | I19: 1× | J19: 2× | K19: 1× | L19: 1× | M19: 1× | N19: 1× | O19: 1× | P19: 2× | Q19: 1× | R19: 1× | S19: ½×
A22: Changes
A23: Attacking | B23: Defending | C23: Outcome
A24: POISON | B24: WATER | C24: 2×
A25: WATER | B25: ICE | C25: ½×
A26: DRAGON | B26: ICE | C26: ½×
A27: ICE | B27: ROCK | C27: ½×

Sheet IP
A1: Name | B1: Item
A2: Rare Candy | B2: #VALUE!
A3: Fire Stone | B3: #VALUE!
A4: Water Stone | B4: #VALUE!
A5: Thunder Stone | B5: #VALUE!
A6: Leaf Stone | B6: #VALUE!
A7: Moon Stone | B7: #VALUE!
A8: Sun Stone | B8: #VALUE!
A9: Shiny Stone | B9: #VALUE!
A10: Dusk Stone | B10: #VALUE!
A11: Dawn Stone | B11: #VALUE!
A12: Ice Stone | B12: #VALUE!
A13: King's Rock | B13: #VALUE!
... A20: Soothe Bell | B20: #VALUE!

Sheet Changed
A1: Dex Number | B1: Name | C1: Type 1 | D1: Type 2 | E1: Ability 1 | F1: Ability 2 | G1: Total | H1: HP | I1: Attack | J1: Defense | K1: Sp.Attack | L1: Sp.Defense | M1: Speed
A2: 1 | B2: Bulbasaur | C2: Grass | D2: Poison | E2: Chlorophyll | F2: Grassy Surge | G2: =SUM(H2:M2) -> 318 | H2: 45 | I2: 49 | J2: 49 | K2: 65 | L2: 65 | M2: 45
A3: 2 | B3: Ivysaur | C3: Grass | D3: Poison | E3: Chlorophyll | F3: Grassy Surge | G3: =SUM(H3:M3) -> 405 | H3: 60 | I3: 62 | J3: 63 | K3: 80 | L3: 80 | M3: 60
A4: 3 | B4: Venusaur | C4: Grass | D4: Poison | E4: Chlorophyll | F4: Grassy Surge | G4: =SUM(H4:M4) -> 525 | H4: 80 | I4: 82 | J4: 83 | K4: 100 | L4: 100 | M4: 80
A5: 4 | B5: Charmander | C5: Fire | E5: Blaze | F5: Solar Power | G5: =SUM(H5:M5) -> 309 | H5: 39 | I5: 52 | J5: 43 | K5: 60 | L5: 50 | M5: 65
A6: 5 | B6: Charmeleon | C6: Fire | E6: Blaze | F6: Solar Power | G6: =SUM(H6:M6) -> 405 | H6: 58 | I6: 64 | J6: 58 | K6: 80 | L6: 65 | M6: 80
A7: 6 | B7: Charizard | C7: Fire | D7: Flying | E7: Blaze | F7: Solar Power | G7: =SUM(H7:M7) -> 534 | H7: 78 | I7: 84 | J7: 78 | K7: 109 | L7: 85 | M7: 100
A8: 7 | B8: Squirtle | C8: Water | E8: Torrent | F8: Mega Launcher | G8: =SUM(H8:M8) -> 314 | H8: 44 | I8: 48 | J8: 65 | K8: 50 | L8: 64 | M8: 43
A9: 8 | B9: Wartortle | C9: Water | E9: Torrent | F9: Mega Launcher | G9: =SUM(H9:M9) -> 405 | H9: 59 | I9: 63 | J9: 80 | K9: 65 | L9: 80 | M9: 58
A10: 9 | B10: Blastoise | C10: Water | E10: Torrent | F10: Mega Launcher | G10: =SUM(H10:M10) -> 530 | H10: 79 | I10: 83 | J10: 100 | K10: 85 | L10: 105 | M10: 78
A11: 10 | B11: Caterpie | C11: Bug | E11: Shield Dust | G11: =SUM(H11:M11) -> 195 | H11: 45 | I11: 30 | J11: 35 | K11: 20 | L11: 20 | M11: 45
A12: 11 | B12: Metapod | C12: Bug | E12: Shed Skin | G12: =SUM(H12:M12) -> 205 | H12: 50 | I12: 20 | J12: 55 | K12: 25 | L12: 25 | M12: 30
A13: 12 | B13: Butterfree | C13: Bug | D13: Psychic | E13: Compound Eyes | G13: =SUM(H13:M13) -> 402 | H13: 60 | I13: 45 | J13: 50 | K13: 97 | L13: 80 | M13: 70
A14: 13 | B14: Weedle | C14: Bug | D14: Poison | E14: Shield Dust | G14: =SUM(H14:M14) -> 195 | H14: 40 | I14: 35 | J14: 30 | K14: 20 | L14: 20 | M14: 50
A15: 14 | B15: Kakuna | C15: Bug | D15: Poison | E15: Shed Skin | G15: =SUM(H15:M15) -> 205 | H15: 45 | I15: 25 | J15: 50 | K15: 25 | L15: 25 | M15: 35
A16: 15 | B16: Beedrill | C16: Bug | D16: Poison | E16: Swarm | F16: Sharpness | G16: =SUM(H16:M16) -> 412 | H16: 65 | I16: 92 | J16: 40 | K16: 45 | L16: 80 | M16: 90
A17: 16 | B17: Pidgey | C17: Flying | D17: None | E17: Keen Eye | F17: Tangled Feet | G17: =SUM(H17:M17) -> 251 | H17: 40 | I17: 45 | J17: 40 | K17: 35 | L17: 35 | M17: 56
A18: 17 | B18: Pidgeotto | C18: Flying | D18: None | E18: Keen Eye | F18: Tangled Feet | G18: =SUM(H18:M18) -> 349 | H18: 63 | I18: 60 | J18: 55 | K18: 50 | L18: 50 | M18: 71
A19: 18 | B19: Pidgeot | C19: Flying | D19: None | E19: Gale Wings | F19: Tangled Feet | G19: =SUM(H19:M19) -> 479 | H19: 83 | I19: 80 | J19: 75 | K19: 70 | L19: 70 | M19: 101
A20: 19 | B20: Rattata | C20: Normal | E20: Run Away | F20: Guts | G20: =SUM(H20:M20) -> 253 | H20: 30 | I20: 56 | J20: 35 | K20: 25 | L20: 35 | M20: 72
A21: 20 | B21: Raticate | C21: Normal | E21: Strong Jaw | F21: Guts | G21: =SUM(H21:M21) -> 420 | H21: 55 | I21: 81 | J21: 60 | K21: 50 | L21: 70 | M21: 104
A22: 21 | B22: Ekans | C22: Poison | E22: Intimidate | F22: Shed Skin | G22: =SUM(H22:M22) -> 288 | H22: 35 | I22: 60 | J22: 44 | K22: 40 | L22: 54 | M22: 55
A23: 22 | B23: Arbok | C23: Poison | D23: Dragon | E23: Intimidate | F23: Shed Skin | G23: =SUM(H23:M23) -> 448 | H23: 60 | I23: 95 | J23: 69 | K23: 65 | L23: 79 | M23: 80
A24: 23 | B24: Pichu | C24: Electric | E24: Static | F24: Transistor | G24: =SUM(H24:M24) -> 205 | H24: 20 | I24: 40 | J24: 15 | K24: 35 | L24: 35 | M24: 60
A25: 24 | B25: Pikachu | C25: Electric | E25: Static | F25: Transistor | G25: =SUM(H25:M25) -> 300 | H25: 35 | I25: 55 | J25: 30 | K25: 50 | L25: 40 | M25: 90
A26: 25 | B26: Raichu | C26: Electric | E26: Static | F26: Transistor | G26: =SUM(H26:M26) -> 475 | H26: 60 | I26: 70 | J26: 65 | K26: 95 | L26: 85 | M26: 100
A27: 26 | B27: Sandshrew | C27: Ground | E27: Sand Rush | F27: Sharpness | G27: =SUM(H27:M27) -> 300 | H27: 50 | I27: 75 | J27: 85 | K27: 20 | L27: 30 | M27: 40
A28: 27 | B28: Sandslash | C28: Ground | E28: Sand Rush | F28: Sharpness | G28: =SUM(H28:M28) -> 450 | H28: 75 | I28: 100 | J28: 110 | K28: 45 | L28: 55 | M28: 65
A29: 28 | B29: Nidoran♀ | C29: Poison | E29: Poison Point | F29: Rivalry | G29: =SUM(H29:M29) -> 275 | H29: 55 | I29: 47 | J29: 52 | K29: 40 | L29: 40 | M29: 41
A30: 29 | B30: Nidorina | C30: Poison | E30: Poison Point | F30: Rivalry | G30: =SUM(H30:M30) -> 365 | H30: 70 | I30: 62 | J30: 67 | K30: 55 | L30: 55 | M30: 56
A31: 30 | B31: Nidoqueen | C31: Poison | D31: Ice | E31: Poison Point | F31: Rivalry | G31: =SUM(H31:M31) -> 505 | H31: 81 | I31: 92 | J31: 87 | K31: 84 | L31: 85 | M31: 76
A32: 31 | B32: Nidoran♂ | C32: Poison | E32: Poison Point | F32: Rivalry | G32: =SUM(H32:M32) -> 273 | H32: 46 | I32: 57 | J32: 40 | K32: 40 | L32: 40 | M32: 50
A33: 32 | B33: Nidorino | C33: Poison | E33: Poison Point | F33: Rivalry | G33: =SUM(H33:M33) -> 365 | H33: 61 | I33: 72 | J33: 57 | K33: 55 | L33: 55 | M33: 65
A34: 33 | B34: Nidoking | C34: Poison | D34: Ground | E34: Poison Point | F34: Rivalry | G34: =SUM(H34:M34) -> 505 | H34: 81 | I34: 102 | J34: 77 | K34: 85 | L34: 75 | M34: 85
A35: 34 | B35: Cleffa | C35: Normal | E35: Cute Charm | F35: Magic Guard | G35: =SUM(H35:M35) -> 218 | H35: 50 | I35: 25 | J35: 28 | K35: 45 | L35: 55 | M35: 15
A36: 35 | B36: Clefairy | C36: Normal | E36: Cute Charm | F36: Magic Guard | G36: =SUM(H36:M36) -> 323 | H36: 70 | I36: 45 | J36: 48 | K36: 60 | L36: 65 | M36: 35
A37: 36 | B37: Clefable | C37: Normal | E37: Cute Charm | F37: Magic Guard | G37: =SUM(H37:M37) -> 473 | H37: 95 | I37: 70 | J37: 73 | K37: 85 | L37: 90 | M37: 60
A38: 37 | B38: Vulpix | C38: Fire | E38: Flash Fire | F38: Drought | G38: =SUM(H38:M38) -> 299 | H38: 38 | I38: 41 | J38: 40 | K38: 50 | L38: 65 | M38: 65
A39: 38 | B39: Ninetales | C39: Fire | D39: Psychic | E39: Flash Fire | F39: Drought | G39: =SUM(H39:M39) -> 505 | H39: 73 | I39: 76 | J39: 75 | K39: 81 | L39: 100 | M39: 100
A40: 39 | B40: Igglybuff | C40: Normal | E40: Cute Charm | F40: Friend Guard | G40: =SUM(H40:M40) -> 210 | H40: 90 | I40: 30 | J40: 15 | K40: 40 | L40: 20 | M40: 15
A41: 40 | B41: Jigglypuff | C41: Normal | E41: Cute Charm | F41: Friend Guard | G41: =SUM(H41:M41) -> 310 | H41: 115 | I41: 45 | J41: 40 | K41: 45 | L41: 45 | M41: 20
A42: 41 | B42: Wigglytuff | C42: Normal | E42: Cute Charm | F42: Friend Guard | G42: =SUM(H42:M42) -> 455 | H42: 140 | I42: 100 | J42: 45 | K42: 75 | L42: 50 | M42: 45
A43: 42 | B43: Zubat | C43: Poison | D43: Flying | E43: Inner Focus | F43: Infiltrator | G43: =SUM(H43:M43) -> 245 | H43: 40 | I43: 45 | J43: 35 | K43: 30 | L43: 40 | M43: 55
A44: 43 | B44: Golbat | C44: Poison | D44: Flying | E44: Inner Focus | F44: Infiltrator | G44: =SUM(H44:M44) -> 455 | H44: 75 | I44: 80 | J44: 70 | K44: 65 | L44: 75 | M44: 90
A45: 44 | B45: Crobat | C45: Poison | D45: Flying | E45: Inner Focus | F45: Infiltrator | G45: =SUM(H45:M45) -> 535 | H45: 85 | I45: 90 | J45: 80 | K45: 70 | L45: 80 | M45: 130
A46: 45 | B46: Oddish | C46: Grass | D46: Poison | E46: Effect Spore | F46: Merciless | G46: =SUM(H46:M46) -> 320 | H46: 45 | I46: 50 | J46: 55 | K46: 75 | L46: 65 | M46: 30
A47: 46 | B47: Gloom | C47: Grass | D47: Poison | E47: Effect Spore | F47: Merciless | G47: =SUM(H47:M47) -> 395 | H47: 60 | I47: 65 | J47: 70 | K47: 85 | L47: 75 | M47: 40
A48: 47 | B48: Vileplume | C48: Grass | D48: Poison | E48: Effect Spore | F48: Merciless | G48: =SUM(H48:M48) -> 490 | H48: 75 | I48: 80 | J48: 95 | K48: 100 | L48: 90 | M48: 50
A49: 48 | B49: Bellossom | C49: Grass | E49: Healer | F49: Chlorophyll | G49: =SUM(H49:M49) -> 490 | H49: 75 | I49: 60 | J49: 95 | K49: 90 | L49: 100 | M49: 70
A50: 49 | B50: Paras | C50: Bug | D50: None | E50: Effect Spore | F50: Dry Skin | G50: =SUM(H50:M50) -> 285 | H50: 35 | I50: 70 | J50: 55 | K50: 45 | L50: 55 | M50: 25
A51: 50 | B51: Parasect | C51: Bug | D51: Ghost | E51: Effect Spore | F51: Dry Skin | G51: =SUM(H51:M51) -> 430 | H51: 40 | I51: 95 | J51: 105 | K51: 60 | L51: 100 | M51: 30
A52: 51 | B52: Venonat | C52: Bug | D52: Poison | E52: Compound Eyes | F52: Tinted Lens | G52: =SUM(H52:M52) -> 305 | H52: 60 | I52: 55 | J52: 50 | K52: 40 | L52: 55 | M52: 45
A53: 52 | B53: Venomoth | C53: Bug | D53: Poison | E53: Shield Dust | F53: Tinted Lens | G53: =SUM(H53:M53) -> 455 | H53: 70 | I53: 65 | J53: 60 | K53: 100 | L53: 70 | M53: 90
A54: 53 | B54: Diglett | C54: Ground | E54: Parental Bond | F54: Arena Trap | G54: =SUM(H54:M54) -> 265 | H54: 10 | I54: 55 | J54: 25 | K54: 35 | L54: 45 | M54: 95
A55: 54 | B55: Dugtrio | C55: Ground | E55: Parental Bond | F55: Arena Trap | G55: =SUM(H55:M55) -> 425 | H55: 35 | I55: 100 | J55: 50 | K55: 50 | L55: 70 | M55: 120
A56: 55 | B56: Meowth | C56: Normal | E56: Pickup | F56: Technician | G56: =SUM(H56:M56) -> 290 | H56: 40 | I56: 45 | J56: 35 | K56: 40 | L56: 40 | M56: 90
A57: 56 | B57: Persian | C57: Normal | E57: Limber | F57: Technician | G57: =SUM(H57:M57) -> 440 | H57: 65 | I57: 70 | J57: 60 | K57: 65 | L57: 65 | M57: 115
A58: 57 | B58: Psyduck | C58: Water | E58: Cephalalgia Surge | F58: Cloud Nine | G58: =SUM(H58:M58) -> 320 | H58: 50 | I58: 72 | J58: 48 | K58: 45 | L58: 50 | M58: 55
A59: 58 | B59: Golduck | C59: Water | E59: Cephalalgia Surge | F59: Cloud Nine | G59: =SUM(H59:M59) -> 500 | H59: 80 | I59: 112 | J59: 78 | K59: 65 | L59: 80 | M59: 85
A60: 59 | B60: Mankey | C60: Fighting | E60: Vital Spirit | F60: Anger Point | G60: =SUM(H60:M60) -> 305 | H60: 40 | I60: 80 | J60: 35 | K60: 35 | L60: 45 | M60: 70
A61: 60 | B61: Primeape | C61: Fighting | E61: Vital Spirit | F61: Anger Point | G61: =SUM(H61:M61) -> 455 | H61: 65 | I61: 105 | J61: 60 | K61: 60 | L61: 70 | M61: 95
A62: 61 | B62: Annihilape | C62: Fighting | D62: Ghost | E62: Vital Spirit | F62: Inner Focus | G62: =SUM(H62:M62) -> 530 | H62: 110 | I62: 115 | J62: 80 | K62: 50 | L62: 90 | M62: 85
A63: 62 | B63: Growlithe | C63: Fire | E63: Intimidate | F63: Flash Fire | G63: =SUM(H63:M63) -> 350 | H63: 55 | I63: 70 | J63: 45 | K63: 70 | L63: 50 | M63: 60
A64: 63 | B64: Arcanine | C64: Fire | E64: Intimidate | F64: Flash Fire | G64: =SUM(H64:M64) -> 555 | H64: 90 | I64: 110 | J64: 80 | K64: 100 | L64: 80 | M64: 95
A65: 64 | B65: Poliwag | C65: Water | E65: Water Absorb | F65: Swift Swim | G65: =SUM(H65:M65) -> 300 | H65: 40 | I65: 50 | J65: 40 | K65: 40 | L65: 40 | M65: 90
A66: 65 | B66: Poliwhirl | C66: Water | E66: Water Absorb | F66: Swift Swim | G66: =SUM(H66:M66) -> 385 | H66: 65 | I66: 65 | J66: 65 | K66: 50 | L66: 50 | M66: 90
A67: 66 | B67: Poliwrath | C67: Water | D67: Fighting | E67: Water Absorb | F67: Swift Swim | G67: =SUM(H67:M67) -> 505 | H67: 90 | I67: 95 | J67: 95 | K67: 60 | L67: 95 | M67: 70
A68: 67 | B68: Politoed | C68: Water | E68: Water Absorb | F68: Drizzle | G68: =SUM(H68:M68) -> 495 | H68: 90 | I68: 65 | J68: 80 | K68: 90 | L68: 100 | M68: 70
A69: 68 | B69: Abra | C69: Psychic | E69: Synchronize | F69: Inner Focus | G69: =SUM(H69:M69) -> 310 | H69: 25 | I69: 20 | J69: 15 | K69: 105 | L69: 55 | M69: 90
A70: 69 | B70: Kadabra | C70: Psychic | E70: Synchronize | F70: Inner Focus | G70: =SUM(H70:M70) -> 400 | H70: 40 | I70: 35 | J70: 30 | K70: 120 | L70: 70 | M70: 105
A71: 70 | B71: Alakazam | C71: Psychic | E71: Synchronize | F71: Inner Focus | G71: =SUM(H71:M71) -> 490 | H71: 55 | I71: 50 | J71: 45 | K71: 135 | L71: 85 | M71: 120
A72: 71 | B72: Machop | C72: Fighting | E72: Guts | F72: No Guard | G72: =SUM(H72:M72) -> 305 | H72: 70 | I72: 80 | J72: 50 | K72: 35 | L72: 35 | M72: 35
A73: 72 | B73: Machoke | C73: Fighting | E73: Guts | F73: No Guard | G73: =SUM(H73:M73) -> 405 | H73: 80 | I73: 100 | J73: 70 | K73: 50 | L73: 60 | M73: 45
A74: 73 | B74: Machamp | C74: Fighting | E74: Guts | F74: No Guard | G74: =SUM(H74:M74) -> 505 | H74: 90 | I74: 130 | J74: 80 | K74: 65 | L74: 85 | M74: 55
A75: 74 | B75: Bellsprout | C75: Grass | D75: Poison | E75: Chlorophyll | F75: Gluttony | G75: =SUM(H75:M75) -> 300 | H75: 50 | I75: 75 | J75: 35 | K75: 70 | L75: 30 | M75: 40
A76: 75 | B76: Weepinbell | C76: Grass | D76: Poison | E76: Chlorophyll | F76: Gluttony | G76: =SUM(H76:M76) -> 390 | H76: 65 | I76: 90 | J76: 50 | K76: 85 | L76: 45 | M76: 55
A77: 76 | B77: Victreebel | C77: Grass | D77: Poison | E77: Chlorophyll | F77: Victory Star | G77: =SUM(H77:M77) -> 500 | H77: 80 | I77: 105 | J77: 70 | K77: 105 | L77: 70 | M77: 70
A78: 77 | B78: Tentacool | C78: Water | D78: Poison | E78: Rain Dish | F78: Liquid Ooze | G78: =SUM(H78:M78) -> 335 | H78: 40 | I78: 40 | J78: 35 | K78: 50 | L78: 100 | M78: 70
A79: 78 | B79: Tentacruel | C79: Water | D79: Poison | E79: Rain Dish | F79: Liquid Ooze | G79: =SUM(H79:M79) -> 535 | H79: 80 | I79: 90 | J79: 65 | K79: 80 | L79: 120 | M79: 100
A80: 79 | B80: Geodude | C80: Rock | E80: Rock Head | F80: Galvanize | G80: =SUM(H80:M80) -> 300 | H80: 40 | I80: 80 | J80: 100 | K80: 30 | L80: 30 | M80: 20
A81: 80 | B81: Graveler | C81: Rock | E81: Rock Head | F81: Galvanize | G81: =SUM(H81:M81) -> 390 | H81: 55 | I81: 95 | J81: 115 | K81: 45 | L81: 45 | M81: 35
A82: 81 | B82: Golem | C82: Rock | E82: Rock Head | F82: Galvanize | G82: =SUM(H82:M82) -> 485 | H82: 80 | I82: 110 | J82: 130 | K82: 55 | L82: 65 | M82: 45
A83: 82 | B83: Ponyta | C83: Fire | E83: Run Away | F83: Flash Fire | G83: =SUM(H83:M83) -> 410 | H83: 50 | I83: 85 | J83: 55 | K83: 65 | L83: 65 | M83: 90
A84: 83 | B84: Rapidash | C84: Fire | E84: Run Away | F84: Flash Fire | G84: =SUM(H84:M84) -> 500 | H84: 65 | I84: 100 | J84: 70 | K84: 80 | L84: 80 | M84: 105
A85: 84 | B85: Slowpoke | C85: Water | D85: Psychic | E85: Oblivious | F85: Own Tempo | G85: =SUM(H85:M85) -> 315 | H85: 90 | I85: 65 | J85: 65 | K85: 40 | L85: 40 | M85: 15
A86: 85 | B86: Slowbro | C86: Water | D86: Psychic | E86: Oblivious | F86: Regenerator | G86: =SUM(H86:M86) -> 490 | H86: 95 | I86: 75 | J86: 110 | K86: 100 | L86: 80 | M86: 30
A87: 86 | B87: Slowking | C87: Water | D87: Psychic | E87: Regenerator | F87: Own Tempo | G87: =SUM(H87:M87) -> 490 | H87: 95 | I87: 75 | J87: 80 | K87: 100 | L87: 110 | M87: 30
A88: 87 | B88: Magnemite | C88: Electric | D88: Steel | E88: Manget Pull | F88: Levitate | G88: =SUM(H88:M88) -> 325 | H88: 25 | I88: 35 | J88: 70 | K88: 95 | L88: 55 | M88: 45
A89: 88 | B89: Magneton | C89: Electric | D89: Steel | E89: Manget Pull | F89: Levitate | G89: =SUM(H89:M89) -> 465 | H89: 50 | I89: 60 | J89: 95 | K89: 120 | L89: 70 | M89: 70
A90: 89 | B90: Magnezone | C90: Electric | D90: Steel | E90: Magnet Pull | F90: Levitate | G90: =SUM(H90:M90) -> 535 | H90: 70 | I90: 70 | J90: 115 | K90: 130 | L90: 90 | M90: 60
A91: 90 | B91: Farfetch'd | C91: Fighting | D91: Flying | E91: Super Luck | F91: Sniper | G91: =SUM(H91:M91) -> 377 | H91: 52 | I91: 90 | J91: 55 | K91: 58 | L91: 62 | M91: 60
A92: 91 | B92: Sirfetch'd | C92: Fighting | D92: Flying | E92: Super Luck | F92: Sniper | G92: =SUM(H92:M92) -> 507 | H92: 62 | I92: 135 | J92: 95 | K92: 68 | L92: 82 | M92: 65
A93: 92 | B93: Doduo | C93: Ground | D93: Flying | E93: Parental Bond | F93: Early Bird | G93: =SUM(H93:M93) -> 310 | H93: 35 | I93: 85 | J93: 45 | K93: 35 | L93: 35 | M93: 75
A94: 93 | B94: Dodrio | C94: Ground | D94: Flying | E94: Parental Bond | F94: Early Bird | G94: =SUM(H94:M94) -> 470 | H94: 60 | I94: 110 | J94: 70 | K94: 60 | L94: 60 | M94: 110
A95: 94 | B95: Seel | C95: Water | E95: Thick Fat | F95: Refrigerate | G95: =SUM(H95:M95) -> 335 | H95: 65 | I95: 45 | J95: 55 | K95: 45 | L95: 80 | M95: 45
A96: 95 | B96: Dewgong | C96: Water | D96: Ice | E96: Thick Fat | F96: Refrigerate | G96: =SUM(H96:M96) -> 485 | H96: 90 | I96: 70 | J96: 80 | K96: 70 | L96: 105 | M96: 70
A97: 96 | B97: Grimer | C97: Poison | E97: Corrosion | F97: Sticky Hold | G97: =SUM(H97:M97) -> 325 | H97: 80 | I97: 80 | J97: 50 | K97: 40 | L97: 50 | M97: 25
A98: 97 | B98: Muk | C98: Poison | E98: Corrosion | F98: Sticky Hold | G98: =SUM(H98:M98) -> 500 | H98: 105 | I98: 105 | J98: 75 | K98: 65 | L98: 100 | M98: 50
A99: 98 | B99: Shellder | C99: Water | E99: Shell Armor | F99: Skill Link | G99: =SUM(H99:M99) -> 305 | H99: 30 | I99: 65 | J99: 100 | K99: 45 | L99: 25 | M99: 40
A100: 99 | B100: Cloyster | C100: Water | D100: Ice | E100: Shell Armor | F100: Skill Link | G100: =SUM(H100:M100) -> 525 | H100: 50 | I100: 95 | J100: 180 | K100: 85 | L100: 45 | M100: 70
...

Sheet Base
A1: Dex Number | B1: Name | C1: Type 1 | D1: Type 2 | E1: Ability 1 | F1: Ability 2 | G1: Total | H1: HP | I1: Attack | J1: Defense | K1: Sp.Attack | L1: Sp.Defense | M1: Speed | W1: This chart is the original Pokedex with no changes
A2: 1 | B2: Bulbasaur | C2: Grass | D2: Poison | E2: Overgrow | G2: =SUM(H2:M2) -> 318 | H2: 45 | I2: 49 | J2: 49 | K2: 65 | L2: 65 | M2: 45
A3: 2 | B3: Ivysaur | C3: Grass | D3: Poison | E3: Overgrow | G3: =SUM(H3:M3) -> 405 | H3: 60 | I3: 62 | J3: 63 | K3: 80 | L3: 80 | M3: 60 | W3: Gen 4 Stats from here
A4: 3 | B4: Venusaur | C4: Grass | D4: Poison | E4: Overgrow | G4: =SUM(H4:M4) -> 525 | H4: 80 | I4: 82 | J4: 83 | K4: 100 | L4: 100 | M4: 80
A5: 4 | B5: Charmander | C5: Fire | E5: Blaze | G5: =SUM(H5:M5) -> 309 | H5: 39 | I5: 52 | J5: 43 | K5: 60 | L5: 50 | M5: 65
A6: 5 | B6: Charmeleon | C6: Fire | E6: Blaze | G6: =SUM(H6:M6) -> 405 | H6: 58 | I6: 64 | J6: 58 | K6: 80 | L6: 65 | M6: 80
A7: 6 | B7: Charizard | C7: Fire | D7: Flying | E7: Blaze | G7: =SUM(H7:M7) -> 534 | H7: 78 | I7: 84 | J7: 78 | K7: 109 | L7: 85 | M7: 100
A8: 7 | B8: Squirtle | C8: Water | E8: Torrent | G8: =SUM(H8:M8) -> 314 | H8: 44 | I8: 48 | J8: 65 | K8: 50 | L8: 64 | M8: 43
A9: 8 | B9: Wartortle | C9: Water | E9: Torrent | G9: =SUM(H9:M9) -> 405 | H9: 59 | I9: 63 | J9: 80 | K9: 65 | L9: 80 | M9: 58
A10: 9 | B10: Blastoise | C10: Water | E10: Torrent | G10: =SUM(H10:M10) -> 530 | H10: 79 | I10: 83 | J10: 100 | K10: 85 | L10: 105 | M10: 78
A11: 10 | B11: Caterpie | C11: Bug | E11: Shield Dust | G11: =SUM(H11:M11) -> 195 | H11: 45 | I11: 30 | J11: 35 | K11: 20 | L11: 20 | M11: 45
A12: 11 | B12: Metapod | C12: Bug | E12: Shed Skin | G12: =SUM(H12:M12) -> 205 | H12: 50 | I12: 20 | J12: 55 | K12: 25 | L12: 25 | M12: 30
A13: 12 | B13: Butterfree | C13: Bug | D13: Flying | E13: Compound Eyes | G13: =SUM(H13:M13) -> 385 | H13: 60 | I13: 45 | J13: 50 | K13: 80 | L13: 80 | M13: 70
A14: 13 | B14: Weedle | C14: Bug | D14: Poison | E14: Shield Dust | G14: =SUM(H14:M14) -> 195 | H14: 40 | I14: 35 | J14: 30 | K14: 20 | L14: 20 | M14: 50
A15: 14 | B15: Kakuna | C15: Bug | D15: Poison | E15: Shed Skin | G15: =SUM(H15:M15) -> 205 | H15: 45 | I15: 25 | J15: 50 | K15: 25 | L15: 25 | M15: 35
A16: 15 | B16: Beedrill | C16: Bug | D16: Poison | E16: Swarm | G16: =SUM(H16:M16) -> 385 | H16: 65 | I16: 80 | J16: 40 | K16: 45 | L16: 80 | M16: 75
A17: 16 | B17: Pidgey | C17: Normal | D17: Flying | E17: Keen Eye | F17: Tangled Feet | G17: =SUM(H17:M17) -> 251 | H17: 40 | I17: 45 | J17: 40 | K17: 35 | L17: 35 | M17: 56
A18: 17 | B18: Pidgeotto | C18: Normal | D18: Flying | E18: Keen Eye | F18: Tangled Feet | G18: =SUM(H18:M18) -> 349 | H18: 63 | I18: 60 | J18: 55 | K18: 50 | L18: 50 | M18: 71
A19: 18 | B19: Pidgeot | C19: Normal | D19: Flying | E19: Keen Eye | F19: Tangled Feet | G19: =SUM(H19:M19) -> 469 | H19: 83 | I19: 80 | J19: 75 | K19: 70 | L19: 70 | M19: 91
A20: 19 | B20: Rattata | C20: Normal | E20: Run Away | F20: Guts | G20: =SUM(H20:M20) -> 253 | H20: 30 | I20: 56 | J20: 35 | K20: 25 | L20: 35 | M20: 72
A21: 20 | B21: Raticate | C21: Normal | E21: Run Away | F21: Guts | G21: =SUM(H21:M21) -> 413 | H21: 55 | I21: 81 | J21: 60 | K21: 50 | L21: 70 | M21: 97
A22: 21 | B22: Ekans | C22: Poison | E22: Intimidate | F22: Shed Skin | G22: =SUM(H22:M22) -> 288 | H22: 35 | I22: 60 | J22: 44 | K22: 40 | L22: 54 | M22: 55
A23: 22 | B23: Arbok | C23: Poison | E23: Intimidate | F23: Shed Skin | G23: =SUM(H23:M23) -> 448 | H23: 60 | I23: 95 | J23: 69 | K23: 65 | L23: 79 | M23: 80
A24: 23 | B24: Pichu | C24: Electric | E24: Static | G24: =SUM(H24:M24) -> 205 | H24: 20 | I24: 40 | J24: 15 | K24: 35 | L24: 35 | M24: 60
A25: 24 | B25: Pikachu | C25: Electric | E25: Static | G25: =SUM(H25:M25) -> 300 | H25: 35 | I25: 55 | J25: 30 | K25: 50 | L25: 40 | M25: 90
A26: 25 | B26: Raichu | C26: Electric | E26: Static | G26: =SUM(H26:M26) -> 475 | H26: 60 | I26: 90 | J26: 55 | K26: 90 | L26: 80 | M26: 100
A27: 26 | B27: Sandshrew | C27: Ground | E27: Sand Veil | G27: =SUM(H27:M27) -> 300 | H27: 50 | I27: 75 | J27: 85 | K27: 20 | L27: 30 | M27: 40
A28: 27 | B28: Sandslash | C28: Ground | E28: Sand Veil | G28: =SUM(H28:M28) -> 450 | H28: 75 | I28: 100 | J28: 110 | K28: 45 | L28: 55 | M28: 65
A29: 28 | B29: Nidoran♀ | C29: Poison | E29: Poison Point | F29: Rivalry | G29: =SUM(H29:M29) -> 275 | H29: 55 | I29: 47 | J29: 52 | K29: 40 | L29: 40 | M29: 41
A30: 29 | B30: Nidorina | C30: Poison | E30: Poison Point | F30: Rivalry | G30: =SUM(H30:M30) -> 365 | H30: 70 | I30: 62 | J30: 67 | K30: 55 | L30: 55 | M30: 56
A31: 30 | B31: Nidoqueen | C31: Poison | D31: Ground | E31: Poison Point | F31: Rivalry | G31: =SUM(H31:M31) -> 505 | H31: 90 | I31: 92 | J31: 87 | K31: 75 | L31: 85 | M31: 76
A32: 31 | B32: Nidoran♂ | C32: Poison | E32: Poison Point | F32: Rivalry | G32: =SUM(H32:M32) -> 273 | H32: 46 | I32: 57 | J32: 40 | K32: 40 | L32: 40 | M32: 50
A33: 32 | B33: Nidorino | C33: Poison | E33: Poison Point | F33: Rivalry | G33: =SUM(H33:M33) -> 365 | H33: 61 | I33: 72 | J33: 57 | K33: 55 | L33: 55 | M33: 65
A34: 33 | B34: Nidoking | C34: Poison | D34: Ground | E34: Poison Point | F34: Rivalry | G34: =SUM(H34:M34) -> 505 | H34: 81 | I34: 102 | J34: 77 | K34: 85 | L34: 75 | M34: 85
A35: 34 | B35: Cleffa | C35: Normal | E35: Cute Charm | F35: Magic Guard | G35: =SUM(H35:M35) -> 218 | H35: 50 | I35: 25 | J35: 28 | K35: 45 | L35: 55 | M35: 15
A36: 35 | B36: Clefairy | C36: Normal | E36: Cute Charm | F36: Magic Guard | G36: =SUM(H36:M36) -> 323 | H36: 70 | I36: 45 | J36: 48 | K36: 60 | L36: 65 | M36: 35
A37: 36 | B37: Clefable | C37: Normal | E37: Cute Charm | F37: Magic Guard | G37: =SUM(H37:M37) -> 473 | H37: 95 | I37: 70 | J37: 73 | K37: 85 | L37: 90 | M37: 60
A38: 37 | B38: Vulpix | C38: Fire | E38: Flash Fire | G38: =SUM(H38:M38) -> 299 | H38: 38 | I38: 41 | J38: 40 | K38: 50 | L38: 65 | M38: 65
A39: 38 | B39: Ninetales | C39: Fire | E39: Flash Fire | G39: =SUM(H39:M39) -> 505 | H39: 73 | I39: 76 | J39: 75 | K39: 81 | L39: 100 | M39: 100
A40: 39 | B40: Igglybuff | C40: Normal | E40: Cute Charm | G40: =SUM(H40:M40) -> 210 | H40: 90 | I40: 30 | J40: 15 | K40: 40 | L40: 20 | M40: 15
A41: 40 | B41: Jigglypuff | C41: Normal | E41: Cute Charm | G41: =SUM(H41:M41) -> 270 | H41: 115 | I41: 45 | J41: 20 | K41: 45 | L41: 25 | M41: 20
A42: 41 | B42: Wigglytuff | C42: Normal | E42: Cute Charm | G42: =SUM(H42:M42) -> 425 | H42: 140 | I42: 70 | J42: 45 | K42: 75 | L42: 50 | M42: 45
A43: 42 | B43: Zubat | C43: Poison | D43: Flying | E43: Inner Focus | G43: =SUM(H43:M43) -> 245 | H43: 40 | I43: 45 | J43: 35 | K43: 30 | L43: 40 | M43: 55
A44: 43 | B44: Golbat | C44: Poison | D44: Flying | E44: Inner Focus | G44: =SUM(H44:M44) -> 455 | H44: 75 | I44: 80 | J44: 70 | K44: 65 | L44: 75 | M44: 90
A45: 44 | B45: Crobat | C45: Poison | D45: Flying | E45: Inner Focus | G45: =SUM(H45:M45) -> 535 | H45: 85 | I45: 90 | J45: 80 | K45: 70 | L45: 80 | M45: 130
A46: 45 | B46: Oddish | C46: Grass | D46: Poison | E46: Chlorophyll | G46: =SUM(H46:M46) -> 320 | H46: 45 | I46: 50 | J46: 55 | K46: 75 | L46: 65 | M46: 30
A47: 46 | B47: Gloom | C47: Grass | D47: Poison | E47: Chlorophyll | G47: =SUM(H47:M47) -> 395 | H47: 60 | I47: 65 | J47: 70 | K47: 85 | L47: 75 | M47: 40
A48: 47 | B48: Vileplume | C48: Grass | D48: Poison | E48: Chlorophyll | G48: =SUM(H48:M48) -> 480 | H48: 75 | I48: 80 | J48: 85 | K48: 100 | L48: 90 | M48: 50
A49: 48 | B49: Bellossom | C49: Grass | E49: Chlorophyll | G49: =SUM(H49:M49) -> 490 | H49: 75 | I49: 80 | J49: 95 | K49: 90 | L49: 100 | M49: 50
A50: 49 | B50: Paras | C50: Bug | D50: Grass | E50: Effect Spore | F50: Dry Skin | G50: =SUM(H50:M50) -> 285 | H50: 35 | I50: 70 | J50: 55 | K50: 45 | L50: 55 | M50: 25
A51: 50 | B51: Parasect | C51: Bug | D51: Grass | E51: Effect Spore | F51: Dry Skin | G51: =SUM(H51:M51) -> 405 | H51: 60 | I51: 95 | J51: 80 | K51: 60 | L51: 80 | M51: 30
A52: 51 | B52: Venonat | C52: Bug | D52: Poison | E52: Compound Eyes | F52: Tinted Lens | G52: =SUM(H52:M52) -> 305 | H52: 60 | I52: 55 | J52: 50 | K52: 40 | L52: 55 | M52: 45
A53: 52 | B53: Venomoth | C53: Bug | D53: Poison | E53: Shield Dust | F53: Tinted Lens | G53: =SUM(H53:M53) -> 450 | H53: 70 | I53: 65 | J53: 60 | K53: 90 | L53: 75 | M53: 90
A54: 53 | B54: Diglett | C54: Ground | E54: Sand Veil | F54: Arena Trap | G54: =SUM(H54:M54) -> 265 | H54: 10 | I54: 55 | J54: 25 | K54: 35 | L54: 45 | M54: 95
A55: 54 | B55: Dugtrio | C55: Ground | E55: Sand Veil | F55: Arena Trap | G55: =SUM(H55:M55) -> 425 | H55: 35 | I55: 100 | J55: 50 | K55: 50 | L55: 70 | M55: 120
A56: 55 | B56: Meowth | C56: Normal | E56: Pickup | F56: Technician | G56: =SUM(H56:M56) -> 290 | H56: 40 | I56: 45 | J56: 35 | K56: 40 | L56: 40 | M56: 90
A57: 56 | B57: Persian | C57: Normal | E57: Limber | F57: Technician | G57: =SUM(H57:M57) -> 440 | H57: 65 | I57: 70 | J57: 60 | K57: 65 | L57: 65 | M57: 115
A58: 57 | B58: Psyduck | C58: Water | E58: Damp | F58: Cloud Nine | G58: =SUM(H58:M58) -> 320 | H58: 50 | I58: 52 | J58: 48 | K58: 65 | L58: 50 | M58: 55
A59: 58 | B59: Golduck | C59: Water | E59: Damp | F59: Cloud Nine | G59: =SUM(H59:M59) -> 500 | H59: 80 | I59: 82 | J59: 78 | K59: 95 | L59: 80 | M59: 85
A60: 59 | B60: Mankey | C60: Fighting | E60: Vital Spirit | F60: Anger Point | G60: =SUM(H60:M60) -> 305 | H60: 40 | I60: 80 | J60: 35 | K60: 35 | L60: 45 | M60: 70
A61: 60 | B61: Primeape | C61: Fighting | E61: Vital Spirit | F61: Anger Point | G61: =SUM(H61:M61) -> 455 | H61: 65 | I61: 105 | J61: 60 | K61: 60 | L61: 70 | M61: 95
A62: 61 | B62: Annihilape | C62: Fighting | D62: Ghost | E62: Vital Spirit | F62: Inner Focus | G62: =SUM(H62:M62) -> 535 | H62: 110 | I62: 115 | J62: 80 | K62: 50 | L62: 90 | M62: 90
A63: 62 | B63: Growlithe | C63: Fire | E63: Intimidate | F63: Flash Fire | G63: =SUM(H63:M63) -> 350 | H63: 55 | I63: 70 | J63: 45 | K63: 70 | L63: 50 | M63: 60
A64: 63 | B64: Arcanine | C64: Fire | E64: Intimidate | F64: Flash Fire | G64: =SUM(H64:M64) -> 555 | H64: 90 | I64: 110 | J64: 80 | K64: 100 | L64: 80 | M64: 95
A65: 64 | B65: Poliwag | C65: Water | E65: Water Absorb | F65: Damp | G65: =SUM(H65:M65) -> 300 | H65: 40 | I65: 50 | J65: 40 | K65: 40 | L65: 40 | M65: 90
A66: 65 | B66: Poliwhirl | C66: Water | E66: Water Absorb | F66: Damp | G66: =SUM(H66:M66) -> 385 | H66: 65 | I66: 65 | J66: 65 | K66: 50 | L66: 50 | M66: 90
A67: 66 | B67: Poliwrath | C67: Water | D67: Fighting | E67: Water Absorb | F67: Damp | G67: =SUM(H67:M67) -> 500 | H67: 90 | I67: 85 | J67: 95 | K67: 70 | L67: 90 | M67: 70
A68: 67 | B68: Politoed | C68: Water | E68: Water Absorb | F68: Damp | G68: =SUM(H68:M68) -> 500 | H68: 90 | I68: 75 | J68: 75 | K68: 90 | L68: 100 | M68: 70
A69: 68 | B69: Abra | C69: Psychic | E69: Synchronize | F69: Inner Focus | G69: =SUM(H69:M69) -> 310 | H69: 25 | I69: 20 | J69: 15 | K69: 105 | L69: 55 | M69: 90
A70: 69 | B70: Kadabra | C70: Psychic | E70: Synchronize | F70: Inner Focus | G70: =SUM(H70:M70) -> 400 | H70: 40 | I70: 35 | J70: 30 | K70: 120 | L70: 70 | M70: 105
A71: 70 | B71: Alakazam | C71: Psychic | E71: Synchronize | F71: Inner Focus | G71: =SUM(H71:M71) -> 490 | H71: 55 | I71: 50 | J71: 45 | K71: 135 | L71: 85 | M71: 120
A72: 71 | B72: Machop | C72: Fighting | E72: Guts | F72: No Guard | G72: =SUM(H72:M72) -> 305 | H72: 70 | I72: 80 | J72: 50 | K72: 35 | L72: 35 | M72: 35
A73: 72 | B73: Machoke | C73: Fighting | E73: Guts | F73: No Guard | G73: =SUM(H73:M73) -> 405 | H73: 80 | I73: 100 | J73: 70 | K73: 50 | L73: 60 | M73: 45
A74: 73 | B74: Machamp | C74: Fighting | E74: Guts | F74: No Guard | G74: =SUM(H74:M74) -> 505 | H74: 90 | I74: 130 | J74: 80 | K74: 65 | L74: 85 | M74: 55
A75: 74 | B75: Bellsprout | C75: Grass | D75: Poison | E75: Chlorophyll | G75: =SUM(H75:M75) -> 300 | H75: 50 | I75: 75 | J75: 35 | K75: 70 | L75: 30 | M75: 40
A76: 75 | B76: Weepinbell | C76: Grass | D76: Poison | E76: Chlorophyll | G76: =SUM(H76:M76) -> 390 | H76: 65 | I76: 90 | J76: 50 | K76: 85 | L76: 45 | M76: 55
A77: 76 | B77: Victreebel | C77: Grass | D77: Poison | E77: Chlorophyll | G77: =SUM(H77:M77) -> 480 | H77: 80 | I77: 105 | J77: 65 | K77: 100 | L77: 60 | M77: 70
A78: 77 | B78: Tentacool | C78: Water | D78: Poison | E78: Clear Body | F78: Liquid Ooze | G78: =SUM(H78:M78) -> 335 | H78: 40 | I78: 40 | J78: 35 | K78: 50 | L78: 100 | M78: 70
A79: 78 | B79: Tentacruel | C79: Water | D79: Poison | E79: Clear Body | F79: Liquid Ooze | G79: =SUM(H79:M79) -> 515 | H79: 80 | I79: 70 | J79: 65 | K79: 80 | L79: 120 | M79: 100
A80: 79 | B80: Geodude | C80: Rock | D80: Ground | E80: Rock Head | F80: Sturdy | G80: =SUM(H80:M80) -> 300 | H80: 40 | I80: 80 | J80: 100 | K80: 30 | L80: 30 | M80: 20
A81: 80 | B81: Graveler | C81: Rock | D81: Ground | E81: Rock Head | F81: Sturdy | G81: =SUM(H81:M81) -> 390 | H81: 55 | I81: 95 | J81: 115 | K81: 45 | L81: 45 | M81: 35
A82: 81 | B82: Golem | C82: Rock | D82: Ground | E82: Rock Head | F82: Sturdy | G82: =SUM(H82:M82) -> 485 | H82: 80 | I82: 110 | J82: 130 | K82: 55 | L82: 65 | M82: 45
A83: 82 | B83: Ponyta | C83: Fire | E83: Run Away | F83: Flash Fire | G83: =SUM(H83:M83) -> 410 | H83: 50 | I83: 85 | J83: 55 | K83: 65 | L83: 65 | M83: 90
A84: 83 | B84: Rapidash | C84: Fire | E84: Run Away | F84: Flash Fire | G84: =SUM(H84:M84) -> 500 | H84: 65 | I84: 100 | J84: 70 | K84: 80 | L84: 80 | M84: 105
A85: 84 | B85: Slowpoke | C85: Water | D85: Psychic | E85: Oblivious | F85: Own Tempo | G85: =SUM(H85:M85) -> 315 | H85: 90 | I85: 65 | J85: 65 | K85: 40 | L85: 40 | M85: 15
A86: 85 | B86: Slowbro | C86: Water | D86: Psychic | E86: Oblivious | F86: Own Tempo | G86: =SUM(H86:M86) -> 490 | H86: 95 | I86: 75 | J86: 110 | K86: 100 | L86: 80 | M86: 30
A87: 86 | B87: Slowking | C87: Water | D87: Psychic | E87: Oblivious | F87: Own Tempo | G87: =SUM(H87:M87) -> 490 | H87: 95 | I87: 75 | J87: 80 | K87: 100 | L87: 110 | M87: 30
A88: 87 | B88: Magnemite | C88: Electric | D88: Steel | E88: Manget Pull | F88: Sturdy | G88: =SUM(H88:M88) -> 325 | H88: 25 | I88: 35 | J88: 70 | K88: 95 | L88: 55 | M88: 45
A89: 88 | B89: Magneton | C89: Electric | D89: Steel | E89: Manget Pull | F89: Sturdy | G89: =SUM(H89:M89) -> 465 | H89: 50 | I89: 60 | J89: 95 | K89: 120 | L89: 70 | M89: 70
A90: 89 | B90: Magnezone | C90: Electric | D90: Steel | E90: Magnet Pull | F90: Sturdy | G90: =SUM(H90:M90) -> 535 | H90: 70 | I90: 70 | J90: 115 | K90: 130 | L90: 90 | M90: 60
A91: 90 | B91: Farfetch'd | C91: Normal | D91: Flying | E91: Keen Eye | F91: Inner Focus | G91: =SUM(H91:M91) -> 377 | H91: 52 | I91: 90 | J91: 55 | K91: 58 | L91: 62 | M91: 60
A92: 91 | B92: Sirfetch'd | C92: Fighting | E92: Keen Eye | F92: Inner Focus | G92: =SUM(H92:M92) -> 507 | H92: 62 | I92: 135 | J92: 95 | K92: 68 | L92: 82 | M92: 65
A93: 92 | B93: Doduo | C93: Normal | D93: Flying | E93: Run Away | F93: Early Bird | G93: =SUM(H93:M93) -> 310 | H93: 35 | I93: 85 | J93: 45 | K93: 35 | L93: 35 | M93: 75
A94: 93 | B94: Dodrio | C94: Normal | D94: Flying | E94: Run Away | F94: Early Bird | G94: =SUM(H94:M94) -> 470 | H94: 60 | I94: 110 | J94: 70 | K94: 60 | L94: 60 | M94: 110
A95: 94 | B95: Seel | C95: Water | E95: Thick Fat | F95: Hydration | G95: =SUM(H95:M95) -> 325 | H95: 65 | I95: 45 | J95: 55 | K95: 45 | L95: 70 | M95: 45
A96: 95 | B96: Dewgong | C96: Water | D96: Ice | E96: Thick Fat | F96: Hydration | G96: =SUM(H96:M96) -> 475 | H96: 90 | I96: 70 | J96: 80 | K96: 70 | L96: 95 | M96: 70
A97: 96 | B97: Grimer | C97: Poison | E97: Stench | F97: Sticky Hold | G97: =SUM(H97:M97) -> 325 | H97: 80 | I97: 80 | J97: 50 | K97: 40 | L97: 50 | M97: 25
A98: 97 | B98: Muk | C98: Poison | E98: Stench | F98: Sticky Hold | G98: =SUM(H98:M98) -> 500 | H98: 105 | I98: 105 | J98: 75 | K98: 65 | L98: 100 | M98: 50
A99: 98 | B99: Shellder | C99: Water | E99: Shell Armor | F99: Skill Link | G99: =SUM(H99:M99) -> 305 | H99: 30 | I99: 65 | J99: 100 | K99: 45 | L99: 25 | M99: 40
A100: 99 | B100: Cloyster | C100: Water | D100: Ice | E100: Shell Armor | F100: Skill Link | G100: =SUM(H100:M100) -> 525 | H100: 50 | I100: 95 | J100: 180 | K100: 85 | L100: 45 | M100: 70
...
